,0,1
0,A,-0.111050196
1,AA,1.434613
2,AACG,2.8059702
3,AACI,0.0
4,AACIW,0.0
5,AAGR,-3.2537498
6,AAGRW,0.0
7,AAN,0.026022986
8,AAOI,1.5522431
9,AAPL,0.15898398
10,AAT,0.15297729
11,ABBV,-0.0934409
12,ABCB,0.1053726
13,ABCL,0.5593792
14,ABEV,-0.1432276
15,ABG,0.0816405
16,ABL,-0.3264795
17,ABLLW,0.0
18,ABNB,0.55442464
19,ABOS,0.997372
20,ABR,0.4179507
21,ABSI,0.040499255
22,ABVX,-0.6480666
23,AC,0.25136936
24,ACA,0.48176947
25,ACAB,-0.06739595
26,ACAC,-0.11228021
27,ACACW,0.0
28,ACAD,-0.35053506
29,ACCD,-0.65353334
30,ACDC,-0.26797324
31,ACEL,0.017536966
32,ACET,-0.13262765
33,ACHL,1.2655175
34,ACHR,0.48732293
35,ACI,-0.1127216
36,ACIU,0.10960939
37,ACLS,-0.23435664
38,ACLX,0.67302597
39,ACM,0.37798634
40,ACMR,0.7714157
41,ACN,0.25298423
42,ACON,0.16930561
43,ACONW,0.0
44,ACP,0.045632318
45,ACRE,-0.25583872
46,ACRS,1.4471676
47,ACRV,-0.0363754
48,ACT,-0.07792661
49,ACU,-0.20824064
50,ACV,0.06541754
51,ACVA,-0.077416115
52,ACXP,-0.19444962
53,ADAG,0.4990232
54,ADAP,-0.9504922
55,ADBE,-0.46831512
56,ADEA,0.17822413
57,ADIL,0.32695508
58,ADN,-0.32254076
59,ADNT,-0.13943939
60,ADNWW,0.0
61,ADPT,0.28742638
62,ADT,0.18435642
63,ADTN,0.79952407
64,ADTX,5.5971446
65,ADUS,0.0483643
66,ADV,-0.5571981
67,ADVM,0.60667694
68,ADVWW,0.0
69,AE,0.60356754
70,AEAE,0.032209653
71,AEAEU,0.0
72,AEHR,0.83830607
73,AEI,2.636126
74,AEIS,0.46352404
75,AER,0.18078433
76,AERT,0.31679696
77,AERTW,0.0
78,AESI,-0.010878021
79,AEVA,2.2145865
80,AFAR,0.0
81,AFARU,0.0
82,AFARW,0.0
83,AFB,-0.03734912
84,AFBI,-0.004562794
85,AFCG,-0.11967527
86,AFGB,0.0
87,AFGC,0.104029894
88,AFGD,0.0
89,AFGE,0.0
90,AFMD,-0.22847581
91,AFRM,0.17338596
92,AFYA,0.051164396
93,AGAE,0.15496524
94,AGBA,-2.0895183
95,AGBAW,0.0
96,AGD,0.08784872
97,AGEN,-0.34276405
98,AGFY,1.0274941
99,AGI,0.48669198
100,AGIO,0.13617383
101,AGL,-0.9290332
102,AGMH,1.2368231
103,AGNC,0.16056494
104,AGO,0.21350944
105,AGR,0.023921886
106,AGRI,1.0381068
107,AGRO,0.09979414
108,AGS,0.089473434
109,AHCO,-0.11130517
110,AHG,-0.54806083
111,AHH,0.15536365
112,AHT,-0.91720724
113,AI,0.5187696
114,AIEV,-0.5123191
115,AIHS,-1.0578716
116,AILE,3.1270006
117,AILEW,0.0
118,AIM,-0.31753838
119,AIMAU,0.0
120,AINC,0.0
121,AIP,-0.051073376
122,AIRG,0.7404221
123,AIRJ,0.48155528
124,AIRJW,0.0
125,AIRS,1.9084518
126,AISP,-0.6449968
127,AISPW,0.0
128,AIV,-0.029584056
129,AIXI,1.1655934
130,AIZ,-0.013695307
131,AIZN,0.0
132,AJX,-0.014952943
133,AKAM,0.18314442
134,AKAN,0.7370537
135,AKBA,0.6031405
136,AKRO,0.3600109
137,AKYA,0.6070743
138,AL,0.16173354
139,ALAB,2.659441
140,ALAR,1.9539043
141,ALC,-0.014103352
142,ALCE,-1.4298478
143,ALCY,0.002989835
144,ALCYW,0.0
145,ALDX,-0.36182407
146,ALEC,-0.011795161
147,ALGM,0.27096117
148,ALGN,-0.027238512
149,ALGS,-1.1543717
150,ALGT,1.7338233
151,ALHC,0.5278352
152,ALIM,-0.0117126405
153,ALIT,-0.100680746
154,ALKS,0.02445269
155,ALKT,1.0073471
156,ALLE,0.32893613
157,ALLG,0.0
158,ALLK,3.4527843
159,ALLO,0.33904365
160,ALLT,0.46371052
161,ALLY,-0.42266628
162,ALMS,0.0026080096
163,ALNY,0.51752204
164,ALOT,-0.07188553
165,ALRM,-0.014867992
166,ALRN,1.0640556
167,ALRS,1.3213984
168,ALSA,0.05337912
169,ALSAU,0.0
170,ALSN,0.46381193
171,ALTG,0.14548196
172,ALTI,0.4288184
173,ALTM,4.6678677
174,ALTR,0.7959251
175,ALVR,0.16532014
176,ALXO,-0.39702037
177,ALZN,6.5122523
178,AM,0.16405973
179,AMAL,0.34562814
180,AMAT,0.21931125
181,AMBA,0.3925094
182,AMC,-0.43153465
183,AMGN,-0.03636411
184,AMH,-0.05816984
185,AMIX,-1.683141
186,AMK,0.0
187,AMKR,0.16925143
188,AMLX,4.12857
189,AMPH,0.36684504
190,AMPS,0.3572448
191,AMPX,3.3924608
192,AMPY,0.22154015
193,AMR,0.14823127
194,AMRC,0.038303174
195,AMS,0.2624523
196,AMSC,0.79723823
197,AMSF,0.43352368
198,AMST,1.1982876
199,AMWD,0.3904066
200,AMWL,0.55795664
201,AMX,0.08239568
202,AMZN,0.312333
203,ANAB,-0.12288847
204,ANEB,0.054452598
205,ANET,0.8264888
206,ANGO,-0.15093428
207,ANL,-0.3169723
208,ANNX,0.9343665
209,ANSS,0.1948341
210,ANTE,2.1077662
211,ANTX,0.19153684
212,ANVS,0.9085309
213,AOD,0.04084069
214,AOGO,-0.32553005
215,AOGOW,0.0
216,AOMR,-0.44709212
217,AOSL,0.40169933
218,APAM,0.3604109
219,APEI,-0.12518093
220,APG,0.001984545
221,APGE,0.37537754
222,API,1.5958601
223,APLD,4.9777303
224,APLE,0.21691978
225,APLS,-1.1398425
226,APLT,1.586517
227,APM,-1.4355626
228,APOS,0.0
229,APP,2.9826145
230,APPF,-0.098830655
231,APPN,0.10273446
232,APRE,0.7095441
233,APT,0.1075206
234,APTV,0.09782938
235,APXI,0.025113348
236,AQMS,-0.5229614
237,AQN,-0.0826541
238,AQNB,0.0
239,AQST,1.0204605
240,AQU,0.017696533
241,AQUNR,0.0
242,AQUNU,0.0
243,AR,0.29159337
244,ARAY,-0.25750738
245,ARBB,6.3449483
246,ARBK,-0.20655861
247,ARC,0.07873719
248,ARCC,0.16820143
249,ARCH,0.5932878
250,ARCO,0.10733767
251,ARCT,0.219059
252,ARDC,-0.049044598
253,ARDX,0.09884675
254,AREN,-0.82954437
255,ARES,0.7045514
256,ARGX,0.16851059
257,ARHS,-0.66545385
258,ARI,-0.46787077
259,ARIS,0.001850891
260,ARLO,-0.032502603
261,ARLP,0.37706986
262,ARM,0.773329
263,ARMK,0.10279337
264,ARQT,-0.5060196
265,ARRY,0.07324064
266,ARVN,0.20284063
267,ARYD,0.0
268,ASAN,-0.032719713
269,ASBA,0.0
270,ASCB,0.008752854
271,ASCBR,0.0
272,ASCBU,0.0
273,ASGN,0.10921484
274,ASIX,0.23042609
275,ASLE,0.36758274
276,ASMB,-0.015332063
277,ASML,-0.24243006
278,ASND,0.45494986
279,ASNS,-0.25319597
280,ASO,-0.14303783
281,ASPI,4.169959
282,ASPN,-0.43516383
283,ASST,-1.9121609
284,ASTE,0.09473845
285,ASTS,0.6036053
286,ASTSW,0.0
287,ASX,0.5026235
288,ATAI,0.054716
289,ATAT,1.1396995
290,ATEC,-0.5913308
291,ATEN,0.34156376
292,ATER,-0.7031712
293,ATEX,-0.26304054
294,ATGL,6.5122523
295,ATHA,-0.42539895
296,ATHM,0.32123345
297,ATIF,0.29763877
298,ATKR,0.07035451
299,ATLC,0.5404344
300,ATMC,0.040847454
301,ATMCR,0.0
302,ATMU,0.6826069
303,ATMV,0.02047865
304,ATNF,4.9962916
305,ATNFW,0.0
306,ATOM,1.1160687
307,ATOS,0.34363264
308,ATRA,0.16146874
309,ATRC,0.2302596
310,ATS,0.7703743
311,ATUS,0.37996268
312,ATXI,-0.6246267
313,ATXS,0.10248603
314,ATYR,2.4423122
315,AUDC,0.010580988
316,AULT,0.1672667
317,AUNA,0.08164302
318,AUR,1.796887
319,AURA,1.3792325
320,AUROW,0.0
321,AUTL,0.37805304
322,AUUD,-0.023397371
323,AUUDW,0.0
324,AVAH,-0.18009524
325,AVAV,0.75159353
326,AVBP,0.42663288
327,AVD,-0.4629317
328,AVDX,0.09397791
329,AVGO,0.9216466
330,AVGR,-0.51590735
331,AVIR,-0.13647482
332,AVK,-0.2832037
333,AVNS,-0.16873424
334,AVO,0.35719916
335,AVPT,0.13910204
336,AVPTW,0.0
337,AVTE,0.5500382
338,AVTR,-0.34119725
339,AVTX,6.5122523
340,AWF,-0.046935316
341,AWK,-0.09038085
342,AWP,0.029804358
343,AWRE,-0.17240512
344,AWX,0.18931113
345,AX,0.07449791
346,AXNX,0.066229716
347,AXON,0.8254631
348,AXS,0.12905645
349,AXSM,0.007545707
350,AXTA,0.061223187
351,AXTI,0.56140107
352,AY,0.023858143
353,AZEK,0.1148757
354,AZUL,0.5033902
355,BABA,0.79346865
356,BACK,-0.5989323
357,BAH,0.6383384
358,BALY,0.04238496
359,BAND,0.43627477
360,BANF,0.2359175
361,BANL,1.2170613
362,BAOS,0.09086925
363,BARK,-0.41210562
364,BASE,0.1131794
365,BBAI,0.7572389
366,BBCP,-0.13660191
367,BBGI,0.21603365
368,BBIO,-0.69830215
369,BBN,-0.2448898
370,BBSI,0.1429438
371,BBW,0.5216281
372,BCAB,0.46783403
373,BCAT,-0.051747683
374,BCBP,-0.01977658
375,BCC,0.2951055
376,BCML,0.43692198
377,BCOV,0.26485232
378,BCOW,0.5184442
379,BCRX,-0.0122411
380,BCSA,0.07817014
381,BCSAU,0.0
382,BCSAW,0.0
383,BCSF,-0.015487142
384,BCV,0.1649386
385,BCX,0.1924145
386,BCYC,0.7512694
387,BDJ,0.054663513
388,BDL,-0.03838428
389,BDSX,-0.36961433
390,BDTX,-1.4474065
391,BE,-0.14033793
392,BEAM,-0.24585092
393,BEAT,0.16914964
394,BEATW,0.0
395,BECN,0.47017834
396,BEDU,0.08569088
397,BEKE,1.496073
398,BEPC,0.77207714
399,BEPI,0.0
400,BEPJ,0.0
401,BERY,0.05603943
402,BEST,-0.023557324
403,BETR,-0.44266853
404,BETRW,0.0
405,BFAM,-0.12229962
406,BFI,-1.6182024
407,BFIIW,0.0
408,BFIN,0.2807984
409,BFLY,0.15206818
410,BFRG,-0.08106555
411,BFRGW,0.0
412,BFRI,-0.59373
413,BFRIW,0.0
414,BFS,-0.09557056
415,BFZ,0.016471332
416,BGB,0.015889639
417,BGFV,-0.3379014
418,BGH,0.045247685
419,BGNE,0.54999226
420,BGR,0.12725778
421,BGT,0.053546477
422,BGY,0.034887068
423,BH,0.038676813
424,BHAC,0.027646195
425,BHACW,0.0
426,BHAT,-0.587138
427,BHB,0.28430405
428,BHIL,0.411793
429,BHK,-0.09075349
430,BHR,0.09153273
431,BHV,-0.052023336
432,BHVN,1.7597815
433,BIAF,0.6375366
434,BIAFW,0.0
435,BIDU,0.46999413
436,BIGC,-0.29508176
437,BILI,1.4386615
438,BILL,-0.0047933105
439,BIO,-0.01542959
440,BIOR,-1.0795985
441,BIPC,0.29821792
442,BIPH,0.0
443,BIPI,0.0
444,BIPJ,0.0
445,BIRD,-0.12760298
446,BJ,0.35164455
447,BJDX,3.5599473
448,BKD,-0.26492134
449,BKDT,0.0
450,BKN,0.02054036
451,BKSY,2.1457033
452,BKU,-0.111138396
453,BL,0.58776087
454,BLAC,0.037599873
455,BLACR,0.0
456,BLACU,0.0
457,BLACW,0.0
458,BLBD,-0.22163616
459,BLD,0.061075244
460,BLDE,0.9003584
461,BLDEW,0.0
462,BLDR,0.23748031
463,BLE,-0.046423513
464,BLEU,0.09616966
465,BLEUW,0.0
466,BLFY,-0.2424311
467,BLIN,-0.026613394
468,BLK,0.4179386
469,BLKB,0.16783819
470,BLMN,-0.17015396
471,BLND,-0.070305325
472,BLTE,1.2632691
473,BLUE,-0.20079416
474,BLW,-0.031105366
475,BLX,0.18280737
476,BLZE,0.8324043
477,BMBL,0.14914587
478,BME,-0.086796276
479,BMEA,2.3317175
480,BMI,0.22034763
481,BMR,0.17734726
482,BMRN,-0.55572563
483,BN,0.51939136
484,BNAI,-0.14892009
485,BNAIW,0.0
486,BNED,-0.41555268
487,BNGO,-1.0099647
488,BNH,0.0
489,BNIX,-0.011486148
490,BNIXR,0.0
491,BNJ,0.0
492,BNL,-0.05750888
493,BNOX,-1.4902748
494,BNR,-1.298021
495,BNTC,3.7822373
496,BNTX,0.7436161
497,BNZI,6.5122523
498,BNZIW,0.0
499,BOC,0.2290738
500,BOCN,0.028560344
501,BOCNU,0.0
502,BOCNW,0.0
503,BODI,0.3682342
504,BOE,0.12558086
505,BOF,-1.1051533
506,BOLD,-0.18798241
507,BOLT,0.15938753
508,BON,-0.6195685
509,BOOT,0.5706245
510,BOWL,0.1126636
511,BOX,-0.037161004
512,BOXL,0.10139669
513,BPMC,-0.10020356
514,BRAC,0.040299047
515,BRACR,0.0
516,BRBR,0.47679237
517,BRCC,-2.402383
518,BRDG,1.0232354
519,BREA,1.3966467
520,BRKH,0.034055088
521,BRKHU,0.0
522,BRKHW,0.0
523,BRLS,-0.63633364
524,BRLSW,0.0
525,BRLT,-0.30121163
526,BRN,-0.14743933
527,BRNS,0.5342083
528,BROG,2.3118176
529,BROGW,0.0
530,BROS,0.31504697
531,BRSP,-0.21285634
532,BRX,0.04064972
533,BRY,-0.06136419
534,BRZE,-0.47374526
535,BSBK,0.3128352
536,BSBR,2.589694
537,BSIG,0.3724096
538,BSL,0.008570531
539,BSM,0.18936332
540,BST,0.27271897
541,BSVN,0.37176588
542,BSY,0.089269534
543,BTA,-0.033781
544,BTAI,0.38258293
545,BTBD,0.08880357
546,BTBDW,0.0
547,BTBT,1.924674
548,BTE,-0.11374528
549,BTI,-0.35261443
550,BTM,-0.2903552
551,BTMWW,0.0
552,BTO,0.11036284
553,BTOG,0.56217355
554,BTSG,0.70492905
555,BTSGU,0.0
556,BTT,-0.028799457
557,BTU,0.53440267
558,BTZ,-0.041420426
559,BUI,0.016827576
560,BUJA,0.027084304
561,BUJAW,0.0
562,BURL,-0.0689482
563,BV,0.30544624
564,BVFL,0.2856251
565,BVN,0.36118835
566,BVS,1.25735
567,BW,3.4560637
568,BWAY,1.1808054
569,BWB,0.32948622
570,BWFG,-0.07263597
571,BWG,-0.033016726
572,BWIN,0.3274208
573,BWMN,-0.4580928
574,BWNB,0.0
575,BWSN,0.0
576,BX,0.6849468
577,BXC,0.38673496
578,BXP,0.51507115
579,BY,0.10974438
580,BYD,0.52560383
581,BYM,-0.08834593
582,BYND,0.22000852
583,BYNO,0.0
584,BYNOU,0.0
585,BYSI,0.5132806
586,BYU,-2.541535
587,BZ,0.88203764
588,BZFD,0.083155744
589,BZFDW,0.0
590,BZH,0.023258256
591,BZUN,1.9536024
592,CABA,-0.13185367
593,CABO,0.00022774209
594,CACC,0.20368749
595,CADL,-0.19221777
596,CAF,0.46487924
597,CAKE,0.3981065
598,CALC,-0.7833135
599,CALM,0.8834581
600,CALT,-0.01282383
601,CALX,0.33430082
602,CAMT,0.04729355
603,CAN,0.026234532
604,CAPL,0.26805517
605,CARA,-0.4222479
606,CARG,0.44616345
607,CARM,0.039807115
608,CARR,0.53281254
609,CARS,-0.2985723
610,CART,1.0130049
611,CASH,0.16183336
612,CASY,0.1849672
613,CAUD,2.4033313
614,CAVA,0.559651
615,CBH,0.0
616,CBL,0.0379837
617,CBNK,0.57033837
618,CBRG,0.059003152
619,CBRGU,0.0
620,CBRL,0.8682644
621,CBUS,-0.09855797
622,CC,0.15842628
623,CCB,0.5778903
624,CCCC,0.34918424
625,CCEL,-0.29111803
626,CCJ,1.4919455
627,CCL,1.2131716
628,CCLD,0.14000055
629,CCM,1.1630064
630,CCO,0.2604899
631,CCRD,-0.23495515
632,CCRN,-0.47694308
633,CCS,-0.20173965
634,CCTG,2.6195908
635,CCTS,0.019700158
636,CCTSW,0.0
637,CDAQ,-0.021085126
638,CDAQU,0.0
639,CDAQW,0.0
640,CDIO,-0.054459825
641,CDIOW,0.0
642,CDLX,0.47591254
643,CDNA,-0.5353068
644,CDRE,0.3512543
645,CDT,0.031250525
646,CDTG,-0.71270937
647,CDTTW,0.0
648,CDTX,0.37515444
649,CDW,0.07365048
650,CDXS,0.28298232
651,CE,0.23951663
652,CECO,0.2694576
653,CEIX,0.5837076
654,CELC,0.12318109
655,CELU,-0.98614204
656,CELUW,0.0
657,CEM,0.0
658,CENT,-0.43986875
659,CENX,1.6576642
660,CERE,0.0
661,CERO,3.976696
662,CEROW,0.0
663,CERS,-0.5641803
664,CERT,-0.21917923
665,CET,0.21957174
666,CETU,0.0
667,CETUU,0.0
668,CETUW,0.0
669,CEV,-0.11246303
670,CF,0.23127323
671,CFB,-0.22611429
672,CFFS,0.017712438
673,CFFSW,0.0
674,CFG,0.042774662
675,CFLT,0.397489
676,CFSB,0.017604528
677,CG,1.1361021
678,CGAU,0.4305838
679,CGBD,0.1055409
680,CGEM,-0.3658161
681,CGEN,-0.36575252
682,CGNX,0.05793483
683,CGO,0.15944922
684,CGTX,0.027266115
685,CHCI,1.549251
686,CHCT,0.31692633
687,CHEF,-0.06613898
688,CHEK,-1.0338249
689,CHGG,-0.48026994
690,CHI,0.12586452
691,CHKP,0.29104948
692,CHPT,-0.095168464
693,CHR,0.9868458
694,CHRS,-1.1562076
695,CHRW,0.27344245
696,CHSN,6.5122523
697,CHUY,0.016913338
698,CHW,0.20534348
699,CHWY,0.055167105
700,CHY,0.18811247
701,CIA,1.7685028
702,CIEN,0.8366062
703,CIFR,3.3284843
704,CIFRW,0.0
705,CII,0.039208658
706,CIM,0.0
707,CIMN,0.0
708,CING,1.0112791
709,CINGW,0.0
710,CIO,-0.06913887
711,CION,0.08133311
712,CITE,0.01135525
713,CITEU,0.0
714,CIVI,-0.22476661
715,CIX,0.56210715
716,CKX,-0.023456948
717,CLB,0.32027465
718,CLBK,-0.031105999
719,CLDT,-0.027379824
720,CLEU,6.5122523
721,CLIR,0.47017616
722,CLLS,-0.55291855
723,CLM,0.22260374
724,CLMT,0.6292121
725,CLNE,0.2574196
726,CLOE,0.13567193
727,CLOER,0.0
728,CLOEU,0.0
729,CLPR,0.83319956
730,CLPS,0.50699836
731,CLRCR,0.0
732,CLRCU,0.0
733,CLS,2.1457624
734,CLSD,0.5538739
735,CLST,0.18272641
736,CLVT,-0.08805447
737,CLWT,-0.061052367
738,CMAX,-0.60541046
739,CMAXW,0.0
740,CMBM,-0.83840364
741,CMCM,0.7301854
742,CMCO,0.14811924
743,CME,0.083258286
744,CMG,0.34939075
745,CMMB,0.24136108
746,CMP,1.9836129
747,CMPO,0.97419995
748,CMPOW,0.0
749,CMPR,-0.47081107
750,CMPS,-0.1647621
751,CMRE,0.12628339
752,CMRX,-0.013381549
753,CMSA,0.023557182
754,CMSC,0.0
755,CMSD,0.0
756,CMT,-0.27717593
757,CMTG,-0.61521125
758,CMU,-0.018029638
759,CNEY,-0.1814395
760,CNFR,-0.6887959
761,CNH,0.36538464
762,CNK,0.08487674
763,CNM,0.5804757
764,CNMD,-0.5276881
765,CNNE,-0.0153512955
766,CNS,0.4826488
767,CNSL,0.04274994
768,CNSP,-0.25012118
769,CNTA,0.7483854
770,CNTB,-0.1608599
771,CNTG,0.0
772,CNTM,0.7275016
773,CNTX,0.02807009
774,CNX,1.1492208
775,COCH,-0.6036174
776,COCHW,0.0
777,COCO,0.56019354
778,CODI,0.0300132
779,CODX,-0.26729378
780,COE,-0.38383567
781,COEP,0.6451026
782,COEPW,0.0
783,COF,0.54609
784,COGT,0.5563876
785,COKE,-0.1742974
786,COLB,0.58676374
787,COLD,-0.3299244
788,COLL,-0.07810777
789,COLM,-0.20786892
790,COMM,1.6926917
791,COMP,0.2463046
792,CONN,0.0
793,COOK,-0.32657328
794,CORT,1.2994943
795,COTY,-0.50345075
796,COUR,-0.1873389
797,COYA,1.5982648
798,CPA,0.42591667
799,CPBI,0.59125143
800,CPIX,-0.18857865
801,CPLP,0.0
802,CPNG,0.5105617
803,CPOP,0.43005547
804,CPRI,-1.2551217
805,CPRT,0.15162423
806,CPRX,0.30899957
807,CPSS,0.26317543
808,CPT,-0.096079074
809,CPTN,0.10703499
810,CPTNW,0.0
811,CPZ,0.07328512
812,CQP,0.06806412
813,CR,0.18513867
814,CRAI,0.6564277
815,CRBG,0.5756823
816,CRBU,0.27876413
817,CRC,0.29084635
818,CRCT,0.5491918
819,CRDO,1.9766476
820,CRESY,-0.047018684
821,CRF,0.2549727
822,CRGY,0.50352335
823,CRI,-0.5214795
824,CRL,-0.03383025
825,CRM,0.62047523
826,CRNX,0.9571148
827,CROX,0.13212125
828,CRSP,0.1999504
829,CRSR,0.14579672
830,CRT,0.6374838
831,CRTO,-0.22245103
832,CRUS,-0.2485406
833,CRVS,3.4581192
834,CRWD,0.64921343
835,CSAN,-0.35268357
836,CSCO,0.46749192
837,CSGP,-0.12377066
838,CSGS,0.03348961
839,CSIQ,0.41009143
840,CSLM,-0.02009943
841,CSPI,0.538346
842,CSQ,0.2705092
843,CSTE,-0.07279507
844,CSTL,0.24080057
845,CSTM,-1.0217228
846,CTAS,0.11175072
847,CTBB,0.0
848,CTCX,-0.6849126
849,CTCXW,0.0
850,CTDD,0.0
851,CTGO,0.73069876
852,CTHR,-0.5389318
853,CTKB,-0.33867526
854,CTLT,-0.04134451
855,CTMX,-0.46128455
856,CTNM,0.00581785
857,CTNT,-0.7095726
858,CTO,1.0351046
859,CTOS,-0.36026156
860,CTR,0.0
861,CTRE,0.12573995
862,CTRN,1.2554623
863,CTSH,0.0178151
864,CTVA,0.2960079
865,CUBB,0.0
866,CUBWU,-0.016183445
867,CUE,6.5122523
868,CURI,1.9457341
869,CURIW,0.0
870,CUTR,-0.18950847
871,CVAC,0.011883651
872,CVGI,-0.22517449
873,CVI,0.09162242
874,CVKD,4.0176826
875,CVLT,-0.12391629
876,CVM,-0.35632575
877,CVNA,1.6870056
878,CVR,0.20350803
879,CVRX,0.66118926
880,CVU,0.41118297
881,CWAN,0.33504334
882,CWD,0.4264189
883,CWEN,-0.07478552
884,CWH,-0.042703334
885,CWST,0.2014838
886,CXAI,-0.460199
887,CXAIW,0.0
888,CXE,-0.054254457
889,CXH,-0.013978261
890,CXM,-0.21187072
891,CYBR,0.3451003
892,CYD,0.15053286
893,CYH,-0.2798163
894,CYN,0.2827177
895,CYTK,-0.12901847
896,CYTO,-0.8281422
897,CZWI,0.19038804
898,DAC,0.2437763
899,DADA,1.733217
900,DAIO,0.31836566
901,DAKT,0.32809374
902,DAO,1.4969199
903,DAR,0.25503197
904,DARE,0.33812654
905,DATS,1.3024509
906,DATSW,0.0
907,DAVA,-0.5120778
908,DAWN,0.091721974
909,DAY,0.6199013
910,DBD,0.45937043
911,DBGI,-2.0034225
912,DBGIW,0.0
913,DBRG,1.2799543
914,DBVT,0.71472377
915,DBX,0.40877774
916,DC,0.25482628
917,DCGO,-0.1610565
918,DD,0.17766838
919,DDI,0.0029282183
920,DDL,0.8163251
921,DDOG,0.51570773
922,DEA,0.08280286
923,DECA,0.09884175
924,DECK,0.5630181
925,DEI,0.5181219
926,DELL,0.59184843
927,DERM,1.1433089
928,DESP,1.0623435
929,DFH,0.16150114
930,DFIN,-0.03169574
931,DFLI,0.2256068
932,DFLIW,0.0
933,DG,-0.08674634
934,DGICB,0.064777955
935,DGII,0.33123553
936,DH,-0.053889804
937,DHAI,-1.1489136
938,DHAIW,0.0
939,DHF,0.116289996
940,DHT,0.015490887
941,DHX,0.11912682
942,DHY,0.045434378
943,DIBS,-0.3455926
944,DINO,-0.19099192
945,DIST,0.024008341
946,DISTW,0.0
947,DIT,-0.093701474
948,DJT,4.364331
949,DJTWW,3.9413736
950,DK,-0.41869256
951,DKL,0.08104277
952,DKNG,0.12612726
953,DKS,-0.038986575
954,DLB,0.21304734
955,DLO,0.14623973
956,DLR,0.73647535
957,DLTH,-0.06951053
958,DLTR,-0.0024482952
959,DLY,-0.13213822
960,DM,0.46544012
961,DMAC,0.32769376
962,DMF,-0.059874296
963,DMO,0.08057087
964,DNA,2.1039455
965,DNB,-0.17271315
966,DNLI,0.11605985
967,DNMR,1.0960191
968,DNOW,0.002893462
969,DNP,0.041043583
970,DNTH,0.13472426
971,DNUT,-0.0028238338
972,DO,0.0
973,DOCN,0.41506657
974,DOCS,0.4354851
975,DOCU,0.5067982
976,DOGZ,3.5559213
977,DOLE,0.030641122
978,DOMA,0.07967686
979,DOMO,0.5085509
980,DOUG,0.35957232
981,DOW,-0.03165293
982,DOYU,0.2417335
983,DPCS,0.04582218
984,DPG,0.089110665
985,DPZ,0.060345385
986,DQ,2.2758615
987,DRCT,0.46914938
988,DRH,0.16956247
989,DRMA,0.4464448
990,DRQ,0.0
991,DRRX,-0.29035547
992,DRVN,0.15248413
993,DSGN,0.7566578
994,DSL,-0.105767466
995,DSM,-0.039842363
996,DSP,0.3872809
997,DSU,-0.016490305
998,DSWL,0.2885004
999,DSX,-0.055411104
1000,DT,0.25241795
1001,DTB,0.0
1002,DTC,-0.38476413
1003,DTCK,-0.15505353
1004,DTF,-0.026108244
1005,DTG,0.0
1006,DTI,-0.34566334
1007,DTIL,-0.49166533
1008,DTM,0.5318511
1009,DTW,-0.012134594
1010,DUET,0.0
1011,DUKB,0.0
1012,DUO,6.5122523
1013,DUOL,1.3113767
1014,DV,-0.13836747
1015,DVAX,-0.06510374
1016,DVN,-0.011312551
1017,DXCM,0.22922471
1018,DYN,-0.1040227
1019,EAD,-0.062395696
1020,EAF,6.1756754
1021,EAI,0.046247687
1022,EARN,0.04754212
1023,EB,0.11244129
1024,EBAY,0.2188733
1025,EBC,-0.14276113
1026,EBMT,0.31371307
1027,EBON,-0.10112305
1028,EBR,-0.37219244
1029,EBS,0.61052394
1030,ECBK,0.28550518
1031,,0.0
1032,ECCV,0.0
1033,ECCW,0.0
1034,ECCX,-0.028107902
1035,ECDA,-0.45538062
1036,ECF,0.2072418
1037,ECOR,2.9820418
1038,ECVT,-0.14814608
1039,EDAP,-0.38863426
1040,EDBL,1.4555023
1041,EDBLW,0.0
1042,EDD,-0.09284267
1043,EDF,-0.18299079
1044,EDIT,-0.344659
1045,EDN,0.29102242
1046,EDR,0.22458676
1047,EDTK,-0.3151747
1048,EDU,0.020736834
1049,EE,1.0231676
1050,EEFT,0.0234959
1051,EEIQ,0.6091975
1052,EEX,-0.44953996
1053,EFC,-0.11495162
1054,EFR,0.014029823
1055,EFT,0.029983776
1056,EFXT,0.49956635
1057,EGAN,-0.51771665
1058,EGF,-0.11012518
1059,EGIO,-2.67034
1060,EGRX,-2.7198231
1061,EH,1.6244247
1062,EHAB,-0.1833207
1063,EHGO,0.09775967
1064,EHI,-0.02808969
1065,EHTH,1.0395551
1066,EIG,0.0006855823
1067,EIM,-0.032482352
1068,EJH,-0.780652
1069,EL,-0.03778719
1070,ELAB,-0.2159177
1071,ELAN,-0.5523542
1072,ELC,0.0
1073,ELDN,1.2789505
1074,ELEV,-0.22402143
1075,ELF,-0.32455033
1076,ELMD,1.011813
1077,ELME,-0.09108198
1078,ELP,-0.3317868
1079,ELPC,-0.39802167
1080,ELTK,-0.120981574
1081,ELTX,0.3233033
1082,ELUT,-0.7966231
1083,ELVN,1.0218822
1084,ELWS,-0.4661547
1085,ELYM,-1.0045964
1086,EM,0.69842476
1087,EMCG,-1.2717372
1088,EMCGR,0.0
1089,EMF,0.15591985
1090,EMKR,4.2117367
1091,EMLD,0.0
1092,EMLDU,0.0
1093,EMLDW,0.0
1094,EMO,0.3200148
1095,EMP,0.02296089
1096,ENFN,0.36808392
1097,ENIC,0.26648128
1098,ENLT,-0.011849508
1099,ENLV,0.6071099
1100,ENO,0.06318671
1101,ENPH,-0.74967283
1102,ENR,0.122300886
1103,ENS,0.119112164
1104,ENSG,0.10770453
1105,ENTA,0.20224155
1106,ENTG,-0.06383968
1107,ENTO,1.9437851
1108,ENTX,0.21538368
1109,ENV,0.0015588328
1110,ENVA,0.32329965
1111,ENVX,1.0075563
1112,ENX,-0.1250023
1113,ENZ,0.058144998
1114,EOD,0.03371509
1115,EOI,0.2309352
1116,EOLS,0.38737026
1117,EOT,-0.03683415
1118,EP,0.21337315
1119,EPAM,-0.17668247
1120,EPOW,-0.3800646
1121,EPR,-0.055134807
1122,EPRT,0.10538073
1123,EQ,0.89314914
1124,EQH,0.41052562
1125,EQIX,0.3836286
1126,ERAS,-0.25047112
1127,ERC,-0.083297275
1128,ERII,0.7578015
1129,ERJ,0.10310891
1130,ERO,0.19771868
1131,ESAB,0.57137907
1132,ESHA,0.012294762
1133,ESHAR,0.0
1134,ESI,0.2593952
1135,ESLA,-0.5464255
1136,ESNT,-0.100570224
1137,ESP,1.6818525
1138,ESPR,0.88803446
1139,ESQ,0.27909666
1140,ESRT,0.21917307
1141,ESS,-0.047206573
1142,ESSA,0.21577856
1143,ESTA,0.24580427
1144,ESTC,0.4275581
1145,ETB,0.12198747
1146,ETG,0.12825009
1147,ETJ,0.10975736
1148,ETNB,-0.21508977
1149,ETO,0.080174565
1150,ETON,2.4970725
1151,ETSY,-0.21667652
1152,ETV,0.18103358
1153,ETW,0.16400631
1154,ETWO,-0.8535948
1155,ETY,0.22789799
1156,EUDA,2.1754944
1157,EUDAW,0.0
1158,EVA,0.0062170313
1159,EVAX,-0.6306284
1160,EVC,0.36886832
1161,EVCM,0.093215816
1162,EVER,-0.5213779
1163,EVF,0.0
1164,EVG,0.014627897
1165,EVGR,0.033619285
1166,EVGRU,0.0
1167,EVH,-0.6926338
1168,EVI,0.84758973
1169,EVLV,-0.9467428
1170,EVLVW,0.0
1171,EVM,-0.09789676
1172,EVN,-0.045167085
1173,EVO,0.15505372
1174,EVOK,1.2031693
1175,EVR,0.3683295
1176,EVT,0.067245096
1177,EVTC,0.14331745
1178,EVV,0.025463749
1179,EWCZ,0.009703279
1180,EWTX,3.2806509
1181,EXAI,0.16031595
1182,EXAS,0.5513944
1183,EXEL,0.37910977
1184,EXFY,-0.7885568
1185,EXG,0.09963685
1186,EXLS,0.30299804
1187,EXR,-0.1202228
1188,EXTR,0.26381657
1189,EYE,0.060695816
1190,EYEN,0.82673484
1191,EZFL,-0.8382664
1192,EZGO,-0.66536707
1193,EZPW,0.048487637
1194,FA,-0.13177995
1195,FAAS,-0.25101522
1196,FAASW,0.0
1197,FAM,-0.00020472707
1198,FAMI,2.891815
1199,FANG,2.2317383
1200,FANH,0.6666087
1201,FARO,0.2612337
1202,FAST,0.5091458
1203,FAT,0.101122536
1204,FATE,-0.5114905
1205,FAX,0.0666901
1206,FBK,0.15821135
1207,FBNC,0.07078845
1208,FBRT,-0.049597953
1209,FBRX,-1.1678485
1210,FCFS,-0.1389522
1211,FCN,0.1368378
1212,FCO,0.11110626
1213,FCPT,-0.079970755
1214,FCRX,0.0
1215,FCT,0.02243304
1216,FDMT,-1.4308363
1217,FDP,-0.04800064
1218,FDS,0.29198253
1219,FDUS,-0.074928015
1220,FEBO,-1.1983689
1221,FEMY,0.7052366
1222,FENG,0.2652172
1223,FERG,0.0970985
1224,FET,-0.41898596
1225,FEXD,0.0
1226,FEXDW,0.0
1227,FFA,0.14457972
1228,FFC,0.010106798
1229,FFIE,-1.776217
1230,FFIEW,0.0
1231,FFIV,0.3242317
1232,FFNW,0.05338428
1233,FG,0.13970147
1234,FGB,0.23799726
1235,FGEN,-0.6846213
1236,FGF,0.2309363
1237,FGI,0.87407553
1238,FGIWW,0.0
1239,FGN,0.0
1240,FHB,0.12122374
1241,FHTX,0.08215985
1242,FIAC,-0.103855155
1243,FIBK,0.17633651
1244,FIGS,0.1752518
1245,FIHL,-0.16227132
1246,FINV,0.55207455
1247,FINW,0.7580949
1248,FISI,0.008688777
1249,FIVE,0.33725238
1250,FIVN,0.10698189
1251,FIX,0.73050594
1252,FLC,0.06392754
1253,FLEX,0.6904556
1254,FLGC,2.93702
1255,FLGT,-0.29802707
1256,FLNC,0.2437509
1257,FLWS,0.30426866
1258,FLYE,0.23044729
1259,FLYW,-0.03532629
1260,FMN,-0.17805158
1261,FMY,-0.03218676
1262,FN,0.5821127
1263,FNA,-0.947201
1264,FND,-0.118410535
1265,FNF,0.06254322
1266,FNKO,0.7622071
1267,FNVT,0.04805082
1268,FNVTW,0.0
1269,FNWB,-0.26712593
1270,FOA,0.99168134
1271,FOF,0.14584719
1272,FOLD,0.011179749
1273,FONR,-0.21750897
1274,FOR,0.14702281
1275,FORL,0.0
1276,FORM,0.2262495
1277,FORR,-0.48992154
1278,FOSL,0.24601895
1279,FOUR,0.6795888
1280,FOXF,-0.1059384
1281,FPF,0.04878071
1282,FPH,0.82485306
1283,FPI,0.2701221
1284,FR,-0.09570075
1285,FRA,0.213722
1286,FRBA,-0.03121704
1287,FRD,-0.009003235
1288,FREE,0.0
1289,FREEW,0.0
1290,FRES,-0.22619116
1291,FREY,-0.093032226
1292,FRGE,-0.05295374
1293,FRGT,0.8960498
1294,FRLA,0.013622123
1295,FRLAW,0.0
1296,FROG,0.24279535
1297,FRPT,-0.032469902
1298,FRSH,-0.0489923
1299,FRST,0.073058024
1300,FRZA,-0.048541546
1301,FSBC,0.21929932
1302,FSBW,0.08578844
1303,FSCO,0.28291595
1304,FSEA,-0.16294901
1305,FSFG,0.32547346
1306,FSI,0.81403154
1307,FSK,0.107398294
1308,FSLR,-0.15886563
1309,FSLY,0.9393781
1310,FTCI,6.5122523
1311,FTEL,4.6495023
1312,FTF,-0.034378383
1313,FTHM,-0.5336125
1314,FTHY,0.00886016
1315,FTII,0.02933593
1316,FTNT,0.22464249
1317,FTS,-0.007373132
1318,FTV,0.22068204
1319,FUBO,-0.17760684
1320,FULC,-2.0360909
1321,FUTU,1.9186897
1322,FWRG,0.24273066
1323,G,0.00084948854
1324,GAB,-0.0075949063
1325,GAIA,0.5650861
1326,GAIN,0.3956284
1327,GAMB,-0.20756501
1328,GAMCU,0.0
1329,GAMCW,0.0
1330,GAN,0.13099329
1331,GANX,4.961717
1332,GASS,-0.018655973
1333,GATO,2.2031238
1334,GAUZ,0.021126285
1335,GBAB,-0.30097723
1336,GBBK,0.005904181
1337,GBBKR,0.0
1338,GBBKW,0.0
1339,GBDC,0.11471447
1340,GBIO,0.01390323
1341,GBNY,1.3834177
1342,GBR,0.08522534
1343,GBTG,0.23291306
1344,GBX,1.0808836
1345,GCI,0.72675025
1346,GCT,1.219098
1347,GDC,-2.2315216
1348,GDDY,0.23807237
1349,GDHG,-1.8992705
1350,GDL,0.022221629
1351,GDO,-0.19075277
1352,GDOT,0.3206905
1353,GDRX,-0.50298893
1354,GDS,1.3715808
1355,GDST,0.008705916
1356,GDSTR,0.0
1357,GDSTW,0.0
1358,GDTC,2.9261134
1359,GDV,0.10679582
1360,GDYN,0.44756928
1361,GEL,-0.024870753
1362,GENI,0.026754217
1363,GENK,0.32653993
1364,GERN,-0.09113283
1365,GES,-0.484898
1366,GETY,0.33937094
1367,GEVO,6.5122523
1368,GF,0.07502096
1369,GFL,0.21546237
1370,GFS,0.022724932
1371,GGN,0.2736104
1372,GH,-0.41117993
1373,GHI,-0.15674996
1374,GHIX,-0.0027683575
1375,GHIXW,0.0
1376,GHLD,-0.3179505
1377,GHM,0.29671112
1378,GHRS,-0.22947153
1379,GHSI,-2.4061966
1380,GHY,0.054441582
1381,GIFI,0.005952879
1382,GIII,-0.22006543
1383,GIL,0.29749942
1384,GILD,0.4252155
1385,GKOS,0.03299447
1386,GLAD,0.2353655
1387,GLBE,0.51585186
1388,GLLI,0.028815035
1389,GLLIU,0.0
1390,GLLIW,0.0
1391,GLMD,6.5122523
1392,GLO,0.055811238
1393,GLOB,0.38528407
1394,GLP,0.29245988
1395,GLPG,0.15396982
1396,GLQ,0.13032658
1397,GLRE,-0.06265793
1398,GLSI,-0.22456023
1399,GLST,0.05886062
1400,GLSTU,0.0
1401,GLT,0.3606029
1402,GLTO,-0.69392055
1403,GLU,0.22082458
1404,GLUE,-0.5491576
1405,GLV,0.10239058
1406,GLYC,0.40588033
1407,GM,0.27605042
1408,GMAB,-0.5200976
1409,GME,-0.32270956
1410,GMED,0.15950628
1411,GMM,-1.7515211
1412,GMRE,0.017811973
1413,GMS,0.27157283
1414,GNE,-0.020194225
1415,GNFT,1.0207266
1416,GNL,-0.2456539
1417,GNLN,-0.84878224
1418,GNLX,-0.29072574
1419,GNPX,6.5122523
1420,GNRC,0.58117944
1421,GNS,-0.12024849
1422,GNT,0.08515108
1423,GNTA,0.85761726
1424,GNW,0.009690753
1425,GO,-0.053399283
1426,GOCO,1.2893777
1427,GODN,0.12248086
1428,GOEV,-0.9581853
1429,GOEVW,0.0
1430,GOGO,-0.31862375
1431,GOLF,-0.24396054
1432,GOOD,0.19945984
1433,GOOG,0.3129239
1434,GOOGL,0.31433642
1435,GOSS,0.111280866
1436,GOTU,0.09982255
1437,GPAK,6.5122523
1438,GPCR,0.07776874
1439,GPI,-0.11081232
1440,GPJA,-0.079385385
1441,GPMT,0.45983472
1442,GPOR,0.14016281
1443,GPRK,0.07871052
1444,GPRO,0.23980053
1445,GRBK,0.053412165
1446,GRC,0.17350075
1447,GRI,1.2999107
1448,GRMN,-0.322956
1449,GRND,0.42629755
1450,GRNT,0.0
1451,GROY,0.67275345
1452,GRPN,-0.20536818
1453,GRTS,-3.031662
1454,GRVY,0.12395909
1455,GRYP,1.2215049
1456,GS,0.22397245
1457,GSAT,-0.49493316
1458,GSBC,0.047619205
1459,GSBD,-0.08698687
1460,GSHD,0.43470728
1461,GSIT,1.0057535
1462,GSIW,-2.7369163
1463,GSK,-0.49113476
1464,GSMGW,0.0
1465,GSUN,-1.8475233
1466,GTAC,-0.016929599
1467,GTACW,0.0
1468,GTEC,1.12414
1469,GTHX,0.009133351
1470,GTI,-0.077774234
1471,GTLB,-0.03225729
1472,GTLS,0.337642
1473,GUG,-0.06289725
1474,GV,-1.1370775
1475,GVH,0.35244054
1476,GWRE,0.52773654
1477,GWRS,-0.1079263
1478,GXAI,0.69183904
1479,GXO,0.8506514
1480,GYRE,0.4454381
1481,H,0.070393264
1482,HAE,0.10314329
1483,HAIA,0.023052027
1484,HAIAW,0.0
1485,HAO,-3.0588295
1486,HASI,0.2424728
1487,HAYN,0.035481498
1488,HAYW,0.20540452
1489,HBB,0.18454017
1490,HBCP,0.33857352
1491,HBIO,-0.4447716
1492,HBT,0.03598604
1493,HCA,-0.11990676
1494,HCAT,0.29719552
1495,HCC,0.48903814
1496,HCM,0.75433546
1497,HCP,0.004846561
1498,HCSG,0.07760069
1499,HCTI,-0.6443271
1500,HCVI,-0.03362687
1501,HCVIW,0.0
1502,HCWB,-1.0732658
1503,HCXY,1.2642181e-05
1504,HDB,0.17409219
1505,HDL,0.48590407
1506,HEES,0.9076911
1507,HEI,0.02701573
1508,HEPS,1.1104337
1509,HEQ,0.060298633
1510,HESM,0.09471332
1511,HFBL,-0.143905
1512,HFFG,0.5605468
1513,HFRO,-0.21467155
1514,HGTY,-0.36766705
1515,HGV,0.14727573
1516,HHGC,-0.1507703
1517,HHGCU,0.0
1518,HIBB,0.0
1519,HIE,0.1372021
1520,HIMS,1.8786759
1521,HIMX,0.47207737
1522,HIPO,0.11285474
1523,HIW,0.3560676
1524,HIX,0.036915254
1525,HKIT,-0.46361756
1526,HLF,-0.31646416
1527,HLI,0.33147827
1528,HLIO,0.555387
1529,HLIT,0.35690278
1530,HLLY,-0.35823435
1531,HLMN,0.32218498
1532,HLN,-0.17481175
1533,HLNE,0.75599575
1534,HLP,-1.0659688
1535,HLT,0.3128359
1536,HLVX,0.22405177
1537,HMN,0.2060722
1538,HMST,-0.16457956
1539,HNST,-0.35639182
1540,HNVR,0.2687
1541,HNW,0.020450369
1542,HOLO,-1.1108681
1543,HOLOW,0.0
1544,HOLX,-0.011994384
1545,HOMB,0.014607088
1546,HONE,0.2710251
1547,HOOD,1.3070995
1548,HOOK,-0.6993146
1549,HOTH,-0.6757994
1550,HOUR,0.44740683
1551,HOUS,-0.64043146
1552,HOV,-0.25398684
1553,HOVR,-2.0368109
1554,HOVRW,0.0
1555,HOWL,2.1258175
1556,HPCO,-3.1826127
1557,HPE,0.35848927
1558,HPF,0.28684443
1559,HPH,-1.8260115
1560,HPI,0.1661586
1561,HPP,-0.33988768
1562,HPS,0.039767478
1563,HQH,-0.010592534
1564,HQL,0.06388774
1565,HQY,0.5069652
1566,HRI,1.9182287
1567,HRMY,-0.09972401
1568,HRTG,-1.0380338
1569,HRYU,0.14130902
1570,HRZN,-0.28070095
1571,HSAI,0.92787635
1572,HSCS,0.55387294
1573,HSIC,0.05631161
1574,HSII,0.27923736
1575,HSPO,0.020387072
1576,HSPOR,0.0
1577,HSTM,0.056722246
1578,HTBI,-0.103901476
1579,HTCR,2.0891407
1580,HTD,0.20434102
1581,HTFC,0.0
1582,HTGC,0.2369689
1583,HTHT,0.8853808
1584,HTLD,-0.09957459
1585,HUBB,0.6459933
1586,HUBG,-0.105690524
1587,HUBS,0.45377705
1588,HUDA,0.0
1589,HUDAU,0.0
1590,HUDI,0.10916262
1591,HUIZ,0.23384453
1592,HUMA,0.37059432
1593,HUMAW,0.0
1594,HUN,0.14387533
1595,HURN,0.045063764
1596,HUYA,-0.5134689
1597,HWH,4.5402694
1598,HYB,-0.0391359
1599,HYFM,0.3747721
1600,HYLN,1.5381705
1601,HYMC,1.0740118
1602,HYMCW,0.0
1603,HYPR,0.2539803
1604,HYT,-0.0032889256
1605,HYZN,-1.0367502
1606,HYZNW,0.0
1607,HZO,0.12628663
1608,IAE,0.1505107
1609,IAF,0.066773385
1610,IAS,0.15617621
1611,IAUX,0.46730685
1612,IBEX,0.13577995
1613,IBKR,0.63441527
1614,IBP,0.41356486
1615,IBRX,1.8689013
1616,IBTX,0.08111565
1617,ICCC,-0.24085549
1618,ICCH,0.028574945
1619,ICE,0.09779101
1620,ICFI,0.23358689
1621,ICG,-1.0552958
1622,ICHR,0.03103353
1623,ICL,-0.06230695
1624,ICLK,0.50884235
1625,ICLR,-0.26070723
1626,ICMB,-0.07727673
1627,ICON,-0.4249339
1628,ICU,-0.72937095
1629,ICUCW,0.0
1630,ICUI,0.31014568
1631,IDE,0.44310325
1632,IDN,0.6736815
1633,IDXX,-0.105612144
1634,IDYA,-0.59430003
1635,IE,2.3331392
1636,IEX,0.15110056
1637,IFBD,0.55460805
1638,IFRX,0.107109524
1639,IGA,0.052517936
1640,IGD,-0.035392813
1641,IGI,-0.17796983
1642,IGIC,0.59933203
1643,IGMS,2.7042239
1644,IGR,-0.16408823
1645,IGT,-0.10062766
1646,IGTA,-1.0511513
1647,IGTAR,0.0
1648,IGTAW,0.0
1649,IH,0.39650288
1650,IHD,0.12740214
1651,IHS,-0.020916428
1652,IHT,-0.467981
1653,IIF,-0.07425556
1654,IIIV,0.20573209
1655,IINN,0.88465184
1656,IINNW,0.0
1657,IIPR,0.30248758
1658,IKNA,0.057801094
1659,IKT,6.5122523
1660,ILAG,-0.5249614
1661,ILMN,0.5003902
1662,ILPT,-0.59513223
1663,IMAB,0.7774735
1664,IMAQ,0.018022766
1665,IMAQR,0.0
1666,IMCR,-0.058493502
1667,IMKTA,-0.44939223
1668,IMMR,-0.007502595
1669,IMMX,-0.49412012
1670,IMNM,-0.3438894
1671,IMO,0.3922777
1672,IMRN,-0.644875
1673,IMRX,2.3161192
1674,IMUX,0.24387725
1675,IMVT,-0.3645559
1676,IMXI,-0.039571323
1677,INAB,1.9551127
1678,INBS,1.1878344
1679,INFA,0.3298907
1680,INFN,0.27656195
1681,ING,-0.17216112
1682,INGN,-0.5964765
1683,INHD,0.6047288
1684,INKT,-0.32879296
1685,INMB,-0.247327
1686,INMD,0.41715232
1687,INN,-0.08662606
1688,INNV,-0.29116514
1689,INOD,1.4417673
1690,INSE,0.2242936
1691,INSP,-0.027785059
1692,INSW,-0.31404048
1693,INTA,0.5761568
1694,INTE,0.058510516
1695,INTEW,0.0
1696,INTJ,-0.08990823
1697,INTS,-0.4537279
1698,INTT,0.43685964
1699,INTU,-0.030966606
1700,INVA,0.12293221
1701,INVH,-0.17826714
1702,INZY,-0.12422968
1703,IOBT,0.89060736
1704,IONQ,4.8650346
1705,IOR,0.046331126
1706,IOT,0.23322618
1707,IPDN,3.824909
1708,IPGP,0.7243894
1709,IPHA,-0.7419947
1710,IPI,0.2385451
1711,IPSC,-0.0074860277
1712,IPW,0.54632807
1713,IPWR,-0.056620333
1714,IPXX,0.032019254
1715,IPXXU,0.0
1716,IPXXW,0.0
1717,IQ,0.9801603
1718,IQV,-0.15553941
1719,IR,0.3652448
1720,IRAA,0.04125402
1721,IRAAU,0.0
1722,IRAAW,0.0
1723,IRBT,1.2053671
1724,IREN,1.4954958
1725,IRIX,-0.76243377
1726,IRMD,0.3989462
1727,IROQ,0.35969764
1728,IRT,0.009923973
1729,IRTC,0.41089222
1730,IRWD,-0.6564771
1731,ISD,0.01170413
1732,ISPC,-0.21235164
1733,ISPO,2.8104596
1734,ISPOW,0.0
1735,ISPR,-0.128873
1736,ISRG,0.2870169
1737,ISRL,0.026282405
1738,ISRLW,0.0
1739,ISSC,0.38486096
1740,ISTR,0.5179385
1741,IT,0.21915661
1742,ITOS,-1.2818811
1743,ITRI,0.2287894
1744,ITRM,2.5188906
1745,ITRN,0.06527687
1746,ITT,0.39974082
1747,IVA,3.243734
1748,IVAC,-0.08518956
1749,IVCA,-1.64486
1750,IVCAU,0.0
1751,IVCAW,0.0
1752,IVCB,0.16124237
1753,IVCP,0.005898857
1754,IVCPW,0.0
1755,IVP,-2.1078134
1756,IVR,-0.100820586
1757,IVT,0.4511154
1758,IVVD,0.6326759
1759,IXAQ,0.011355186
1760,IXAQW,0.0
1761,IZM,-0.2017072
1762,J,-0.03189376
1763,JAGX,0.02881506
1764,JAKK,0.39777806
1765,JAMF,-0.13582687
1766,JANX,0.9588447
1767,JAZZ,0.1681479
1768,JBGS,0.15559575
1769,JBI,-0.12511525
1770,JBL,0.7631144
1771,JBLU,1.2749112
1772,JBSS,-0.079318956
1773,JCE,0.08794377
1774,JCSE,0.41070953
1775,JD,1.8588394
1776,JDZG,5.5767717
1777,JELD,0.21967863
1778,JEQ,-0.124711014
1779,JEWL,-1.5828547
1780,JFBR,2.2539902
1781,JFBRW,0.0
1782,JFIN,0.99225295
1783,JFR,0.0
1784,JFU,0.019154822
1785,JG,1.9032216
1786,JGH,-0.012601216
1787,JHG,0.34736875
1788,JILL,-0.042287353
1789,JJSF,-0.010624252
1790,JKHY,0.24612421
1791,JKS,1.4695346
1792,JL,0.025897188
1793,JLS,0.045098785
1794,JNPR,0.058516353
1795,JNVR,1.9486662
1796,JOB,-0.024880841
1797,JOBY,0.38285652
1798,JOF,-0.105357066
1799,JPC,0.09564631
1800,JQC,-0.07223494
1801,JRI,0.0125916265
1802,JRS,0.00362198
1803,JRSH,0.10053257
1804,JRVR,0.033975095
1805,JSPR,0.16939223
1806,JSPRW,0.0
1807,JTAI,3.3943017
1808,JTAIW,0.0
1809,JVA,1.8355614
1810,JWEL,1.5430611
1811,JXJT,-0.35899886
1812,JXN,0.6837063
1813,JYD,-0.03225
1814,JYNT,0.107822925
1815,JZ,0.46535978
1816,JZXN,1.9356403
1817,KA,-0.4170213
1818,KACL,0.03724361
1819,KACLR,0.0
1820,KAI,0.1658832
1821,KALA,1.133454
1822,KALV,-0.17415248
1823,KAR,-0.071128756
1824,KARO,0.13588274
1825,KBH,-0.1329553
1826,KBR,0.26270986
1827,KC,1.2271047
1828,KD,0.2102584
1829,KDLY,-0.65094787
1830,KDLYW,0.0
1831,KEN,0.3385147
1832,KEP,0.031512488
1833,KEYS,0.292826
1834,KFFB,0.3588707
1835,KFRC,-0.41326952
1836,KFY,0.08572832
1837,KGC,0.85982746
1838,KGS,0.54138577
1839,KIDS,-0.5054426
1840,KIRK,0.8690606
1841,KITT,0.07344745
1842,KITTW,0.0
1843,KLAC,-0.14815693
1844,KLG,-0.16448176
1845,KLTR,0.65719956
1846,KMDA,-0.001958788
1847,KMI,0.5924373
1848,KMPB,0.0
1849,KN,0.17076209
1850,KNF,0.826592
1851,KNOP,-0.31794074
1852,KNSA,0.3171835
1853,KNTK,0.4065543
1854,KNX,0.21321906
1855,KOD,2.1847694
1856,KOF,0.0045954967
1857,KOP,-0.20186347
1858,KOPN,0.89776057
1859,KOS,0.007827289
1860,KPLT,-0.5075727
1861,KPLTW,0.0
1862,KPTI,0.57807904
1863,KRC,0.5967309
1864,KREF,-0.11245971
1865,KRG,0.0062388405
1866,KRKR,-0.27568802
1867,KRNL,0.0
1868,KRNT,1.0776426
1869,KRNY,0.2694299
1870,KRON,-0.095759824
1871,KROS,0.51157963
1872,KRP,0.14610064
1873,KRRO,2.1827226
1874,KRT,0.28746328
1875,KRUS,1.6062411
1876,KRYS,-0.15344568
1877,KSCP,1.2983347
1878,KSM,-0.012882678
1879,KSS,-0.09241225
1880,KTB,0.24642189
1881,KTCC,0.87852645
1882,KTF,-0.024759611
1883,KTTA,-0.29301968
1884,KTTAW,0.0
1885,KVHI,0.06426576
1886,KVUE,-0.031336427
1887,KVYO,0.98785585
1888,KXIN,0.4738886
1889,KYMR,0.18787254
1890,KYN,0.31677943
1891,KYTX,-0.97568434
1892,KZR,1.3232617
1893,LAB,-0.35489258
1894,LAC,2.0932238
1895,LADR,-0.16964693
1896,LAKE,-0.14656948
1897,LAMR,0.32204044
1898,LAND,-0.03648812
1899,LANV,0.12125083
1900,LASE,0.34281358
1901,LASR,0.053024277
1902,LATG,0.042434134
1903,LATGU,0.0
1904,LAUR,0.17513832
1905,LAW,0.38123545
1906,LAZ,0.26844397
1907,LAZR,0.1050605
1908,LBPH,2.3275175
1909,LBRT,-0.21084033
1910,LC,0.806181
1911,LCFY,-0.4713204
1912,LCFYW,0.0
1913,LCII,0.0069980877
1914,LCUT,-0.38074443
1915,LDI,-0.49460563
1916,LDP,0.12979615
1917,LDTC,-1.1497227
1918,LDTCW,0.0
1919,LEDS,-0.21869504
1920,LEGH,-0.044604182
1921,LEGN,-0.22097515
1922,LENZ,0.48558983
1923,LEO,-0.06349809
1924,LESL,-0.17482558
1925,LEU,5.144812
1926,LEV,-0.682758
1927,LEVI,-0.15306379
1928,LFLY,0.1961037
1929,LFLYW,0.0
1930,LFST,-0.0468507
1931,LFT,0.091537684
1932,LFWD,-0.9107153
1933,LGCB,-2.4790676
1934,LGCL,-0.29358533
1935,LGIH,-0.062140115
1936,LGL,-0.124197006
1937,LGVN,0.66137075
1938,LI,1.9372606
1939,LICN,0.5951859
1940,LICY,2.5495758
1941,LIDR,0.43214405
1942,LIDRW,0.0
1943,LIFW,-0.39
1944,LIFWZ,0.0
1945,LII,0.3194261
1946,LINC,0.28822866
1947,LIND,0.06275205
1948,LIPO,-0.14212033
1949,LITB,-0.47985455
1950,LITM,-0.678742
1951,LKQ,-0.18897533
1952,LL,0.0
1953,LLAP,0.140324
1954,LMAT,-0.07520579
1955,LMFA,0.5449584
1956,LMND,0.005309168
1957,LNG,0.07732939
1958,LNTH,0.29226944
1959,LNZA,1.1735442
1960,LNZAW,0.0
1961,LOB,0.2140116
1962,LOBO,0.90618604
1963,LOCO,-0.10311564
1964,LOGC,0.77168316
1965,LOGI,-0.18522887
1966,LOMA,0.36600557
1967,LOPE,-0.0752916
1968,LOVE,0.9457844
1969,LPAAU,0.00045603022
1970,LPG,-0.45885053
1971,LPL,-0.1691883
1972,LPLA,0.7623245
1973,LPSN,0.37570706
1974,LPTH,1.4595433
1975,LPTV,0.97005486
1976,LQDA,1.0866413
1977,LQDT,0.09886069
1978,LQR,0.99862766
1979,LRCX,0.18363188
1980,LRE,0.5080481
1981,LRFC,0.43779844
1982,LRHC,0.16824752
1983,LRMR,-0.01617946
1984,LSBK,0.13074808
1985,LSEA,-0.15621468
1986,LSEAW,0.0
1987,LSTR,-0.05308925
1988,LTH,0.27783185
1989,LTRN,-0.07616705
1990,LTRX,0.42414367
1991,LUCD,0.37824336
1992,LUCY,3.5712218
1993,LUCYW,0.0
1994,LULU,0.5689904
1995,LUMO,0.52278966
1996,LUNA,-0.5649901
1997,LUNG,-0.55251837
1998,LUNR,2.0036287
1999,LUNRW,0.0
2000,LUXH,-0.12795329
2001,LVLU,0.43497896
2002,LVS,1.0711588
2003,LVTX,0.8954431
2004,LVWR,0.15622166
2005,LW,0.6885049
2006,LX,2.7094157
2007,LXEH,2.0448475
2008,LXEO,-0.41821814
2009,LXFR,0.5280102
2010,LXU,0.73362964
2011,LYEL,-0.5342612
2012,LYFT,0.6574804
2013,LYRA,0.046199307
2014,LYT,0.34340042
2015,LYTS,0.2943035
2016,LZ,0.24852066
2017,MA,0.2347804
2018,MAA,-0.121351026
2019,MAC,0.5666033
2020,MACA,0.0
2021,MACAU,0.0
2022,MACAW,0.0
2023,MAIN,0.20421912
2024,MAMO,0.30924135
2025,MANH,0.31514132
2026,MANU,-0.1310756
2027,MAPS,-0.14650439
2028,MAPSW,0.0
2029,MAQC,-0.08454192
2030,MAQCW,0.0
2031,MARX,0.02823688
2032,MASI,0.84715205
2033,MASS,-0.16472836
2034,MATH,0.69109225
2035,MATW,-0.06981381
2036,MAX,0.51392084
2037,MBC,0.50448024
2038,MBI,0.41068253
2039,MBIN,0.00053185545
2040,MBLY,0.33287725
2041,MBNKP,0.0
2042,MBRX,0.25118142
2043,MBUU,0.3845696
2044,MBWM,-0.012785291
2045,MC,0.1882254
2046,MCAA,0.011140953
2047,MCAAW,0.0
2048,MCAG,0.29398263
2049,MCB,0.20777547
2050,MCBS,0.07133552
2051,MCFT,-0.15855049
2052,MCHP,0.09668655
2053,MCHX,-0.0471236
2054,MCR,-0.048264597
2055,MCRB,-0.39110616
2056,MCRI,0.15158242
2057,MCW,0.16525759
2058,MDAI,0.025632674
2059,MDAIW,0.0
2060,MDB,-0.15178625
2061,MDBH,-0.3578738
2062,MDGL,-0.4435135
2063,MDJH,-0.55459034
2064,MDRR,-0.17647289
2065,MDWD,0.17261392
2066,MDXH,0.93096733
2067,MEC,0.2871488
2068,MEDP,-0.025818445
2069,MEG,-0.23963249
2070,MEGI,0.078745395
2071,MEGL,0.3695326
2072,MEIP,-0.3833924
2073,MELI,0.10050097
2074,MESA,-0.6834694
2075,MESO,1.4850014
2076,MET,0.3652592
2077,META,0.44812107
2078,METC,0.13085099
2079,MFAN,0.0
2080,MFAO,0.0
2081,MFD,0.03112173
2082,MFH,0.10392108
2083,MFI,2.240991
2084,MFIC,-0.0937691
2085,MFM,-0.06352132
2086,MG,0.06197243
2087,MGF,-0.070348345
2088,MGIC,0.35819364
2089,MGIH,0.162185
2090,MGNX,0.5706869
2091,MGOL,0.92895025
2092,MGR,0.0
2093,MGRB,0.0
2094,MGRC,0.42781112
2095,MGRD,0.0
2096,MGRM,-0.052307084
2097,MGRX,-0.9026773
2098,MGTX,1.7040267
2099,MGX,-0.86191577
2100,MGY,0.3009554
2101,MGYR,0.014223382
2102,MHD,-0.015484721
2103,MHF,-0.054001182
2104,MHI,-0.07687582
2105,MHLA,0.3552138
2106,MHLD,-0.04019909
2107,MHN,0.01226984
2108,MHNC,0.0
2109,MHO,0.0033140508
2110,MHUA,-0.9721782
2111,MIN,-0.04728583
2112,MIND,6.5122523
2113,MIR,1.4881601
2114,MIRA,-0.27389166
2115,MIRM,-0.17658469
2116,MIST,0.045224767
2117,MITA,0.0054221847
2118,MITAU,0.0
2119,MITAW,0.0
2120,MITN,0.0
2121,MITP,0.0
2122,MITQ,0.73435426
2123,MITT,-0.031186897
2124,MIY,0.014200771
2125,MKFG,3.4806223
2126,MKL,0.033988032
2127,MKSI,-0.1085065
2128,MKTX,0.37524375
2129,ML,0.39266235
2130,MLCO,0.8246428
2131,MLGO,2.756528
2132,MLM,0.4388981
2133,MLNK,-0.2771917
2134,MLP,-0.27100435
2135,MLSS,-0.80952543
2136,MLTX,-0.021686682
2137,MLYS,0.7103859
2138,MMD,-0.044547565
2139,MMI,0.019817732
2140,MMLP,0.41274843
2141,MMS,0.0007470353
2142,MMT,-0.030589962
2143,MMU,-0.09267847
2144,MMV,-0.3213282
2145,MMVWW,0.0
2146,MMYT,0.1577667
2147,MNDR,0.47000763
2148,MNDY,0.79052997
2149,MNKD,0.3628272
2150,MNPR,6.5122523
2151,MNRO,0.2859414
2152,MNSO,0.18446058
2153,MNTK,0.81956965
2154,MNTS,0.78934735
2155,MNTSW,0.0
2156,MOB,2.6961396
2157,MOBX,-0.5167522
2158,MOBXW,0.0
2159,MODV,-1.7898519
2160,MOH,-0.096619986
2161,MOLN,0.5365342
2162,MOMO,0.12831673
2163,MOND,-0.96325034
2164,MOR,0.0
2165,MORF,0.0
2166,MORN,0.41661632
2167,MOVE,-0.3691903
2168,MP,1.1072232
2169,MPA,-0.044733644
2170,MPLN,0.05252369
2171,MPLX,0.083524995
2172,MPU,-0.9692813
2173,MPV,0.28014743
2174,MPW,-0.20474637
2175,MPWR,0.38355806
2176,MPX,0.08531344
2177,MQ,0.19860777
2178,MQT,-0.027244424
2179,MQY,-0.010079631
2180,MRAM,0.77350855
2181,MRBK,0.47813174
2182,MRC,0.09142586
2183,MRCC,0.024698619
2184,MRCY,-0.20682903
2185,MRDB,0.0
2186,MRM,-1.0506024
2187,MRNA,-0.85800225
2188,MRNS,2.1232336
2189,MRSN,1.4405817
2190,MRTN,-0.24213895
2191,MRUS,0.19993421
2192,MRVI,-0.64535606
2193,MRVL,0.7579599
2194,MRX,0.31481478
2195,MSA,-0.022561034
2196,MSAI,0.45084912
2197,MSAIW,0.0
2198,MSBI,0.26665914
2199,MSD,-0.016470725
2200,MSFT,0.21440004
2201,MSGE,0.15046318
2202,MSGM,0.050091907
2203,MSGS,0.26257506
2204,MSM,0.14799954
2205,MSN,0.5963304
2206,MSS,1.0581969
2207,MSSA,3.4018707
2208,MSSAW,0.0
2209,MSTR,3.0575845
2210,MTC,1.4132231
2211,MTD,-0.1301591
2212,MTDR,0.07514743
2213,MTEK,0.26834205
2214,MTEM,-1.7473342
2215,MTEN,2.4515755
2216,MTG,-0.0026144858
2217,MTLS,0.5867473
2218,MTN,-0.3014008
2219,MTNB,-0.045424666
2220,MTRX,0.7542013
2221,MTSI,0.88593066
2222,MTTR,0.30380148
2223,MTUS,-0.21578018
2224,MTX,0.20747192
2225,MUA,-0.117374875
2226,MUC,-0.020040382
2227,MUI,-0.01040338
2228,MUJ,-0.026912667
2229,MUSA,-0.2099755
2230,MVF,-0.047991022
2231,MVIS,0.39219934
2232,MVO,0.066072166
2233,MVST,-0.3055118
2234,MVSTW,0.0
2235,MVT,-0.054793246
2236,MWA,0.26314965
2237,MX,0.21172097
2238,MXC,0.16196865
2239,MXCT,-0.36011586
2240,MXL,0.44689465
2241,MYD,0.014573027
2242,MYE,-0.41344374
2243,MYFW,0.16886754
2244,MYGN,-0.5922905
2245,MYMD,0.0
2246,MYN,-0.012230632
2247,MYNA,1.8627928
2248,MYNZ,-0.5626438
2249,MYO,0.008682946
2250,MYPS,-0.04489472
2251,MYPSW,0.0
2252,MYRG,0.97546566
2253,NAAS,-0.45518732
2254,NABL,-0.036381394
2255,NAC,-0.060352873
2256,NAD,-0.026810404
2257,NAN,-0.016958222
2258,NAPA,2.6344311
2259,NARI,-0.11951708
2260,NAT,-0.22612005
2261,NATH,0.3233839
2262,NATL,-0.17992231
2263,NAUT,0.10811044
2264,NAZ,-0.021568395
2265,NBB,-0.18282029
2266,NBBK,-0.0056723766
2267,NBH,-0.0339209
2268,NBHC,0.24922693
2269,NBIX,-0.11082255
2270,NBR,0.47178084
2271,NBST,0.0
2272,NBSTW,0.0
2273,NBTX,-0.38587862
2274,NBY,0.97035414
2275,NCI,1.7912098
2276,NCMI,0.20960094
2277,NCNA,-1.1965976
2278,NCNO,0.84301764
2279,NCSM,-0.44806886
2280,NCTY,0.8191076
2281,NCV,0.004917597
2282,NCZ,0.08770687
2283,NDLS,-0.21494855
2284,NDP,0.1550122
2285,NDRA,0.37623298
2286,NE,-0.2677826
2287,NEA,-0.027818998
2288,NECB,0.72461116
2289,NEGG,-0.50144327
2290,NEOG,-0.30556065
2291,NEP,-0.41440272
2292,NERV,-0.21220978
2293,NET,0.4622972
2294,NEUE,0.24166778
2295,NEWP,1.6769075
2296,NEXA,1.1926191
2297,NEXN,0.27084106
2298,NEXT,0.81923825
2299,NFBK,0.044675667
2300,NFE,-0.13753334
2301,NFJ,0.015374165
2302,NFLX,0.4201569
2303,NG,-0.015193879
2304,NGL,0.0310845
2305,NGNE,1.276533
2306,NGS,0.19434457
2307,NGVC,0.023443297
2308,NGVT,-0.15746544
2309,NHC,-0.26093417
2310,NIC,0.20719802
2311,NIE,0.18573391
2312,NIM,-0.052184172
2313,NINE,-0.51999986
2314,NIO,0.65328133
2315,NISN,0.21034023
2316,NIU,0.84453756
2317,NKLA,-0.5199897
2318,NKTX,-1.0892061
2319,NKX,0.025266383
2320,NLOP,0.054587305
2321,NLSP,2.6901248
2322,NLSPW,0.0
2323,NMI,-0.15124716
2324,NMIH,-0.14947498
2325,NMM,0.47713915
2326,NMRA,0.65452147
2327,NMRK,0.03376641
2328,NMS,0.22693644
2329,NMZ,-0.14376284
2330,NNBR,0.4838608
2331,NNE,6.5122523
2332,NNI,0.058563314
2333,NNOX,-0.06622626
2334,NNY,-0.038201727
2335,NOA,-0.12088573
2336,NOAH,1.5607874
2337,NODK,0.0856877
2338,NOG,0.22080155
2339,NOK,0.3711724
2340,NOM,-0.004089277
2341,NOMD,-0.24678038
2342,NOTE,-0.22188024
2343,NOVA,-1.6109583
2344,NOVV,6.5122523
2345,NOVVR,0.0
2346,NOW,0.4965255
2347,NPAB,-0.18682677
2348,NPABU,0.0
2349,NPCE,-0.38440388
2350,NPV,0.21853428
2351,NPWR,0.49423337
2352,NQP,-0.17249036
2353,NRBO,-0.6421213
2354,NRDS,-0.22171928
2355,NRDY,-0.022148365
2356,NREF,-0.36133155
2357,NRGV,3.441137
2358,NRIX,0.7760209
2359,NRK,-0.04835227
2360,NRO,-0.055795703
2361,NRP,0.40333682
2362,NRSN,1.2132714
2363,NRSNW,0.0
2364,NRUC,0.0
2365,NRXP,-0.8712161
2366,NRXPW,0.0
2367,NSA,-0.25086743
2368,NSIT,0.16543573
2369,NSTS,0.51482886
2370,NTAP,0.14914654
2371,NTB,0.008876986
2372,NTBL,-1.5386928
2373,NTCT,0.16790062
2374,NTGR,0.9567044
2375,NTLA,0.05710195
2376,NTNX,0.36808026
2377,NTR,0.1105842
2378,NTRA,0.13757032
2379,NTST,-0.2279652
2380,NTZ,0.31278044
2381,NU,0.23088726
2382,NUKK,0.9734546
2383,NUKKW,-1.018788
2384,NURO,0.53730386
2385,NUS,-0.7329382
2386,NUV,0.003706638
2387,NUVB,0.25341898
2388,NUVL,0.47503313
2389,NUW,-0.030030133
2390,NVAC,-0.05145737
2391,NVACR,0.0
2392,NVCR,-0.02700571
2393,NVCT,1.3593543
2394,NVDA,1.2257572
2395,NVEE,-0.014490024
2396,NVG,-0.08930154
2397,NVGS,0.0670933
2398,NVMI,-0.21399274
2399,NVNO,-0.51600456
2400,NVR,0.079853155
2401,NVRO,-0.3474822
2402,NVST,0.28368422
2403,NVT,0.6186797
2404,NVVE,-0.24117568
2405,NVVEW,0.0
2406,NWBI,-0.053901285
2407,NWG,0.30796114
2408,NWPX,0.15034698
2409,NXC,-0.039870165
2410,NXE,1.3613186
2411,NXGL,0.42556456
2412,NXGLW,0.0
2413,NXJ,-0.047990292
2414,NXL,5.758054
2415,NXLIW,0.0
2416,NXN,0.010894412
2417,NXP,-0.008659166
2418,NXPI,0.23641759
2419,NXRT,-0.09192452
2420,NXST,0.19119255
2421,NXT,-0.28319374
2422,NXTC,-0.021566726
2423,NXU,4.34849
2424,NYXH,1.2504925
2425,NZF,-0.050736286
2426,OABI,-0.058727827
2427,OABIW,0.0
2428,OAKU,0.04132894
2429,OAKUR,0.0
2430,OB,-0.25852615
2431,OBE,0.0953906
2432,OBIO,0.029020516
2433,OCAX,0.03816919
2434,OCAXU,0.0
2435,OCAXW,0.0
2436,OCCI,-0.031805515
2437,OCEA,-0.09967733
2438,OCEAW,0.0
2439,OCFT,3.7769039
2440,OCG,0.94475245
2441,OCGN,-0.5658694
2442,OCUL,1.0672643
2443,ODD,0.44059375
2444,ODFL,0.2285031
2445,ODV,1.6723206
2446,OEC,-0.23820543
2447,OESX,0.5197629
2448,OFIX,-0.072180055
2449,OGN,-0.52918005
2450,OGS,0.22024402
2451,OHI,0.14788605
2452,OIS,-0.20198204
2453,OKTA,-0.008979358
2454,OKYO,1.2415149
2455,OLLI,0.1282882
2456,OLMA,-0.025534786
2457,OLO,-0.05263617
2458,OLP,0.044137184
2459,OLPX,-0.19688217
2460,OM,0.36549035
2461,OMAB,0.067534365
2462,OMCL,-0.36559877
2463,OMER,0.49199715
2464,OMF,0.15103845
2465,OMGA,0.45372218
2466,OMH,0.041766994
2467,OMIC,4.4803715
2468,ONCO,6.5122523
2469,ONCT,-1.8489549
2470,ONEW,-0.16265072
2471,ONFO,0.8916505
2472,ONL,-0.12898074
2473,ONMD,0.19010203
2474,ONMDW,0.0
2475,ONTF,0.17630464
2476,ONYX,0.066451564
2477,OOMA,0.69085956
2478,OPAD,-0.60818464
2479,OPAL,0.5098057
2480,OPBK,0.48669946
2481,OPGN,-0.50094247
2482,OPP,-0.07260011
2483,OPRA,0.6550224
2484,OPRT,-0.1756901
2485,OPT,1.7354373
2486,OPTN,-0.6168747
2487,OPTT,-0.35946307
2488,OPTX,1.1425005
2489,OPTXW,0.0
2490,OR,0.8805558
2491,ORA,0.2941102
2492,ORC,0.21331799
2493,ORCL,0.7500743
2494,ORGN,0.045860995
2495,ORGNW,0.0
2496,ORGO,0.4607548
2497,ORIC,-0.38231778
2498,ORLY,0.21122994
2499,OSCR,-0.38061494
2500,OSIS,-0.023472061
2501,OSS,0.21707521
2502,OST,0.5130747
2503,OTEX,0.19688189
2504,OTIS,0.36309716
2505,OTLK,-1.0280348
2506,OTLY,-0.282913
2507,OUST,0.9428728
2508,OUT,0.5219741
2509,OVID,0.5107649
2510,OWL,1.324893
2511,OXBR,1.08042
2512,OXBRW,0.089999296
2513,OXLC,0.324478
2514,OXSQ,-0.022302128
2515,PAA,-0.09330384
2516,PAC,0.044594076
2517,PACB,0.45517632
2518,PACK,-0.23168999
2519,PAGS,-0.37760103
2520,PAHC,0.73294073
2521,PAL,-1.7245742
2522,PANL,0.03146
2523,PASG,-0.46529314
2524,PATH,-0.13903649
2525,PAVM,-0.08612584
2526,PAVS,-0.1979088
2527,PAX,-0.0133156
2528,PAXS,-0.010211582
2529,PAY,0.5781288
2530,PAYC,0.20430923
2531,PAYX,0.27711114
2532,PBBK,-0.26968673
2533,PBF,0.01745483
2534,PBFS,0.12847677
2535,PBH,-0.056940448
2536,PBPB,0.16793475
2537,PCB,0.06308295
2538,PCK,-0.027034467
2539,PCM,0.10563744
2540,PCN,0.040423986
2541,PCOR,0.51456785
2542,PCQ,0.08392534
2543,PCRX,0.78429055
2544,PCTY,0.42454633
2545,PCVX,0.39633876
2546,PD,0.032963663
2547,PDCO,0.040920287
2548,PDD,1.0518116
2549,PDFS,0.04676021
2550,PDI,0.050536465
2551,PDLB,0.093021594
2552,PDO,0.0071026077
2553,PDSB,0.21672261
2554,PEB,-0.023614027
2555,PECO,-0.06761644
2556,PEGA,0.5583944
2557,PEGR,0.0
2558,PEN,0.01566298
2559,PENN,0.32053238
2560,PEPG,-0.2623405
2561,PERF,0.2857642
2562,PERI,-0.01817976
2563,PET,-0.08034186
2564,PETQ,0.048615247
2565,PETWW,0.0
2566,PETZ,0.2500825
2567,PEV,1.558746
2568,PFD,0.04756467
2569,PFG,0.2595494
2570,PFGC,0.5034604
2571,PFH,0.0
2572,PFL,0.038491577
2573,PFLT,0.015688758
2574,PFMT,0.19078356
2575,PFN,0.09712365
2576,PFO,0.10825012
2577,PFS,0.074743345
2578,PFSI,-0.17155997
2579,PFTA,0.14759496
2580,PFTAU,0.0
2581,PFTAW,0.0
2582,PGNY,-1.0435326
2583,PGP,0.045125507
2584,PGRE,0.13640629
2585,PHAT,-0.28503397
2586,PHD,-0.018126328
2587,PHIN,-0.08885607
2588,PHK,0.106105946
2589,PHR,-0.6948826
2590,PHUN,6.5122523
2591,PHVS,0.59361094
2592,PHX,0.29863846
2593,PI,1.5993246
2594,PIII,-0.1355459
2595,PIK,0.491491
2596,PIM,-0.035409573
2597,PINC,-0.19680397
2598,PINE,-0.05381
2599,PINS,0.3122828
2600,PIXY,-1.8002926
2601,PJT,0.63667655
2602,PK,-0.055305842
2603,PKG,0.4062964
2604,PKST,-0.114083156
2605,PKX,0.013823719
2606,PL,0.8965921
2607,PLAB,0.25488216
2608,PLAO,0.014083317
2609,PLAOU,0.0
2610,PLAY,0.67167795
2611,PLBY,1.5861406
2612,PLCE,4.1337137
2613,PLMI,-0.4264337
2614,PLMIU,0.0
2615,PLMIW,0.0
2616,PLMR,-0.09612313
2617,PLNT,0.039827365
2618,PLOW,-0.08669139
2619,PLRX,0.46253878
2620,PLSE,0.08145047
2621,PLTK,0.17991982
2622,PLTR,1.4526659
2623,PLUG,1.0921171
2624,PLUS,0.34747288
2625,PLYM,-0.26920718
2626,PMEC,0.618859
2627,PMF,0.10282515
2628,PML,0.021928126
2629,PMM,-0.002567277
2630,PMO,0.003119127
2631,PMT,-0.044863127
2632,PMVP,0.34732014
2633,PMX,-0.012191284
2634,PNF,0.0059221364
2635,PNI,-0.07653792
2636,PNNT,0.028191527
2637,PODD,0.28626627
2638,POLA,0.4415957
2639,POOL,0.23493096
2640,POST,-0.12725376
2641,POWI,0.2669597
2642,PPBT,-1.8101939
2643,PPT,-0.057546813
2644,PPYA,-0.0058827326
2645,PPYAU,0.0
2646,PR,0.09920402
2647,PRAA,-0.34229124
2648,PRAX,1.1740624
2649,PRCH,0.10503633
2650,PRCT,-0.31140935
2651,PRFT,0.0324703
2652,PRFX,-0.5691054
2653,PRGS,0.42049804
2654,PRH,0.0
2655,PRI,0.26433134
2656,PRK,0.020055527
2657,PRKS,0.076378465
2658,PRLB,-0.17313686
2659,PRLD,-2.1763973
2660,PRLH,0.017569132
2661,PRLHU,0.0
2662,PRLHW,0.0
2663,PRM,0.6441974
2664,PRME,0.4402652
2665,PRO,0.13521516
2666,PROK,0.0897136
2667,PRPL,-0.397195
2668,PRQR,2.8877106
2669,PRS,0.0
2670,PRST,-2.1553326
2671,PRSTW,0.0
2672,PRT,0.18654875
2673,PRTH,0.23714899
2674,PRTS,-0.3725932
2675,PRU,0.29355443
2676,PRVA,-0.1709622
2677,PRZO,0.7538975
2678,PSEC,0.048561037
2679,PSN,0.43655965
2680,PSNL,-0.4001941
2681,PSTG,0.6214976
2682,PSTL,-0.004637951
2683,PSTX,-0.29748288
2684,PT,-0.07941771
2685,PTA,0.043237302
2686,PTCT,1.0605669
2687,PTEN,-0.011912516
2688,PTGX,0.45193446
2689,PTLO,0.32200423
2690,PTMN,-0.01763442
2691,PTN,-0.8359588
2692,PTON,1.4133012
2693,PTSI,-0.14895551
2694,PTVE,0.11665685
2695,PTWO,0.6583427
2696,PTWOU,0.0
2697,PTWOW,0.0
2698,PTY,0.045476872
2699,PUBM,0.0919107
2700,PULM,0.114614524
2701,PUMP,0.20018928
2702,PVBC,0.01579073
2703,PVL,0.061827056
2704,PW,0.14477098
2705,PWM,0.332746
2706,PWP,0.45187697
2707,PWSC,0.010023294
2708,PWUP,0.13035841
2709,PWUPW,0.0
2710,PX,0.32938492
2711,PXDT,-0.82261264
2712,PXLW,0.6241776
2713,PYCR,0.13468759
2714,PYN,0.010825312
2715,PYPD,1.2006378
2716,PYXS,0.17662083
2717,PZC,0.013419251
2718,PZG,-0.07677601
2719,PZZA,0.3423865
2720,QCOM,0.24865025
2721,QD,0.9949274
2722,QETA,0.026538102
2723,QFIN,1.3375676
2724,QH,6.5122523
2725,QLGN,5.602344
2726,QLI,0.0
2727,QLYS,0.012941274
2728,QNCX,1.7820058
2729,QNRX,0.16157874
2730,QNST,0.014117922
2731,QOMO,0.0
2732,QS,0.09180891
2733,QSG,2.0494788
2734,QSI,-0.53537685
2735,QSIAW,0.0
2736,QSR,0.2570068
2737,QTRX,0.14977501
2738,QTTB,0.60376686
2739,QTWO,0.55931795
2740,QUIK,0.69083273
2741,QURE,0.66984886
2742,QVCC,0.0
2743,QVCD,0.0
2744,RA,0.024497466
2745,RACE,0.041107398
2746,RAIL,2.5013688
2747,RAMP,-0.02351948
2748,RANI,-0.01034608
2749,RAPP,0.7839446
2750,RAPT,0.10675813
2751,RARE,-0.08370188
2752,RAY,-0.39147243
2753,RAYA,2.0811808
2754,RBB,0.07668041
2755,RBC,0.07201519
2756,RBCAA,0.32656178
2757,RBCP,0.0
2758,RBKB,0.30959797
2759,RBLX,-0.15857947
2760,RBOT,1.224913
2761,RC,-0.45563895
2762,RCB,0.0
2763,RCC,0.0
2764,RCKT,-0.19418547
2765,RCKY,-0.2239689
2766,RCL,0.9226558
2767,RCON,4.2617683
2768,RCS,0.21275833
2769,RCUS,0.1242795
2770,RDCM,0.08603611
2771,RDFN,0.29363257
2772,RDW,1.633756
2773,RDWR,0.29101142
2774,RDZN,-1.6218084
2775,RDZNW,0.0
2776,REAL,0.92828155
2777,REBN,-1.6134655
2778,RECT,-0.05024886
2779,REFI,-0.09751493
2780,REG,-0.062005848
2781,REGN,-0.5350707
2782,RELL,0.7445353
2783,RELX,0.030760594
2784,RELY,0.32222095
2785,RENE,0.037066367
2786,RENEU,0.0
2787,RENEW,0.0
2788,RENT,-0.15184048
2789,REPL,0.44242918
2790,REPX,0.2839869
2791,RERE,0.18377286
2792,RETO,-1.0254201
2793,REVB,3.9701996
2794,REVBW,0.0
2795,REVG,0.26503247
2796,REXR,-0.29985565
2797,REYN,-0.2593643
2798,REZI,0.3710379
2799,RFAC,-0.6547781
2800,RFACU,0.0
2801,RFAIR,0.0
2802,RFAIU,0.041663032
2803,RFI,-0.0074282857
2804,RFL,0.4987034
2805,RGC,-0.8700586
2806,RGEN,-0.2062439
2807,RGF,-0.7205649
2808,RGLS,0.02276953
2809,RGNX,-0.5598518
2810,RGS,0.74624705
2811,RH,1.0271733
2812,RICK,0.14670034
2813,RIGL,0.24372336
2814,RIO,0.3017393
2815,RIVN,-0.70415235
2816,RKDA,2.2448769
2817,RKLB,3.0095348
2818,RKT,-0.5092436
2819,RL,0.4391565
2820,RLAY,0.55132216
2821,RLJ,-0.0304218
2822,RLX,-0.15413618
2823,RLYB,-0.09328418
2824,RM,-0.13806131
2825,RMAX,0.3569248
2826,RMBI,0.18530789
2827,RMBS,0.48506474
2828,RMCO,0.47470078
2829,RMNI,-0.07400287
2830,RMTI,0.8413478
2831,RNA,0.3943354
2832,RNAC,2.534386
2833,RNAZ,4.2481465
2834,RNG,0.5845786
2835,RNGR,0.20144552
2836,RNLX,-0.29934353
2837,RNP,-0.0110891955
2838,RNST,0.11803743
2839,RNXT,-0.22860938
2840,ROAD,1.306336
2841,ROCK,-0.017844671
2842,ROCL,0.032151874
2843,ROCLU,0.0
2844,ROCLW,0.0
2845,ROG,0.12917037
2846,ROKU,0.52358216
2847,ROMA,2.8267467
2848,ROOT,-0.00511909
2849,ROP,-0.02925086
2850,ROST,-0.1349581
2851,RPAY,-0.039351583
2852,RPD,0.38874918
2853,RPHM,0.8880347
2854,RPID,0.3712803
2855,RPRX,-0.18957971
2856,RPTX,0.8336123
2857,RQI,0.0332743
2858,RR,-0.9416269
2859,RRBI,0.14079121
2860,RRGB,2.9080718
2861,RRR,-0.20147525
2862,RRX,0.3809011
2863,RS,0.0743864
2864,RSG,-0.009002326
2865,RSI,0.5006458
2866,RSLS,-1.0769104
2867,RSVR,0.68175703
2868,RSVRW,0.0
2869,RTC,0.29291904
2870,RTO,-0.6548048
2871,RUM,0.45656556
2872,RUMBW,0.0
2873,RUN,-0.68097305
2874,RVLV,0.6566939
2875,RVMD,0.45275697
2876,RVNC,-0.9303218
2877,RVP,-0.6525279
2878,RVPH,-0.38591737
2879,RVPHW,0.0
2880,RVSN,0.121167205
2881,RVT,0.1733643
2882,RWAY,0.047055203
2883,RWT,0.057279676
2884,RWTN,0.0
2885,RWTO,0.0
2886,RXO,1.2337052
2887,RXRX,0.4079633
2888,RXST,-0.15804064
2889,RXT,0.5864114
2890,RYAAY,-0.025782509
2891,RYAM,0.21823892
2892,RYAN,0.2564474
2893,RYI,0.630044
2894,RYTM,-0.04628004
2895,RZB,0.005233044
2896,RZC,0.0
2897,S,0.5255254
2898,SABR,1.4055237
2899,SABS,-0.009418384
2900,SABSW,0.0
2901,SACC,0.0
2902,SACH,-0.13253236
2903,SAFE,-0.1717018
2904,SAFT,-0.17498556
2905,SAGE,0.22141664
2906,SAH,-0.1574426
2907,SAI,-0.07587862
2908,SAJ,0.0
2909,SAMG,0.40895692
2910,SANA,-1.03012
2911,SANM,0.16417418
2912,SAT,0.0
2913,SAY,0.0
2914,SAZ,0.0
2915,SB,-0.24066994
2916,SBAC,0.04477836
2917,SBBA,0.0
2918,SBGI,0.77753913
2919,SBI,-0.03202275
2920,SBS,-0.18441787
2921,SBT,-0.55620676
2922,SBUX,0.2379357
2923,SCCC,0.0
2924,SCCE,0.0
2925,SCCF,0.0
2926,SCCG,0.0
2927,SCD,0.26799768
2928,SCHL,-0.6475892
2929,SCLX,-0.47550723
2930,SCLXW,0.0
2931,SCM,0.140741
2932,SCNI,0.25321484
2933,SCOR,0.0077881278
2934,SCPH,-0.4582117
2935,SCS,-0.21089785
2936,SCVL,-0.42221627
2937,SCWX,0.053532902
2938,SCYX,0.6167437
2939,SD,-0.19041848
2940,SDA,-0.43004307
2941,SDAWW,0.0
2942,SDGR,-0.38290325
2943,SDIG,0.40803576
2944,SDOT,-0.47111934
2945,SDST,0.28529212
2946,SE,0.87986666
2947,SEB,-0.1723728
2948,SEDG,-0.5646847
2949,SEER,0.43658587
2950,SEIC,0.45018366
2951,SEM,-0.17513204
2952,SEMR,-0.11581646
2953,SERA,-0.11240891
2954,SES,-1.2837607
2955,SFB,0.0
2956,SFIX,-0.4461987
2957,SFM,0.67743427
2958,SFWL,0.16708751
2959,SG,1.155025
2960,SGBX,2.5905988
2961,SGH,0.57128984
2962,SGHT,-0.5031863
2963,SGLY,-0.8473016
2964,SGMA,0.55460924
2965,SGMO,3.7260065
2966,SGMT,4.163788
2967,SGRY,-0.0065708156
2968,SHAK,0.57212424
2969,SHC,-0.04580781
2970,SHCR,0.07825607
2971,SHCRW,0.0
2972,SHEL,-0.033845462
2973,SHFS,-0.748909
2974,SHFSW,0.0
2975,SHIM,-0.9722514
2976,SHLS,-0.2651005
2977,SHO,0.12181657
2978,SHOO,0.16541179
2979,SHOP,0.5798954
2980,SHOT,0.7866117
2981,SHOTW,0.0
2982,SHPH,0.13724172
2983,SIBN,-0.50493854
2984,SIDU,-0.08631095
2985,SIF,-0.38860375
2986,SILK,0.05663838
2987,SILV,1.6210028
2988,SIM,0.1964076
2989,SIMAU,0.01628063
2990,SIMO,-0.049196295
2991,SINT,0.43744826
2992,SISI,0.52065325
2993,SITE,0.13723154
2994,SITM,1.0401545
2995,SJ,-0.46721274
2996,SJW,-0.016537571
2997,SKGR,0.05196829
2998,SKGRW,0.0
2999,SKIL,0.5679208
3000,SKIN,0.55423427
3001,SKLZ,0.09963089
3002,SKT,0.25536203
3003,SKWD,0.37411147
3004,SKX,-0.33662698
3005,SKYH,-0.2493264
3006,SKYT,0.9518423
3007,SKYW,0.8216522
3008,SKYX,2.0497074
3009,SLAB,0.25177664
3010,SLAM,0.0
3011,SLAMW,0.0
3012,SLCA,0.0
3013,SLDB,-0.94718236
3014,SLDP,-0.026259111
3015,SLDPW,0.0
3016,SLE,-0.4357966
3017,SLG,0.7080965
3018,SLGL,-0.029155668
3019,SLGN,0.027091337
3020,SLI,2.9539373
3021,SLNO,0.4279784
3022,SLQT,-1.2374632
3023,SLRC,-0.03963255
3024,SLRN,1.3659015
3025,SLRX,0.47677296
3026,SLVM,0.46428707
3027,SMAR,0.2845611
3028,SMCI,0.7266169
3029,SMFL,-2.9894483
3030,SMG,0.9083737
3031,SMHI,-0.35388678
3032,SMLP,0.0
3033,SMMT,2.3490076
3034,SMR,5.332023
3035,SMSI,4.11609
3036,SMXT,-1.2366724
3037,SN,0.5633675
3038,SNAL,3.865026
3039,SNAP,0.64514273
3040,SNAX,-0.9327229
3041,SNAXW,0.0
3042,SNCR,-0.60631347
3043,SNCY,0.5114144
3044,SND,0.12645711
3045,SNDL,0.39906698
3046,SNDR,0.17845221
3047,SNDX,-0.059667367
3048,SNES,2.654411
3049,SNOA,0.6175453
3050,SNOW,0.22435366
3051,SNPS,0.26394585
3052,SNSE,-0.26252204
3053,SNTG,0.4896512
3054,SNTI,-0.6230952
3055,SNX,0.2665921
3056,SOGP,0.14354977
3057,SOI,-0.031336512
3058,SOJC,-0.04504018
3059,SOJD,0.0
3060,SOJE,0.0
3061,SOL,1.2105516
3062,SOLV,0.3438118
3063,SOND,-1.6012691
3064,SONDW,0.0
3065,SONM,1.6823418
3066,SONO,0.33432192
3067,SOPA,0.11764721
3068,SOPH,-0.13024512
3069,SOUNW,0.0
3070,SPCE,0.6746428
3071,SPEC,-1.2987967
3072,SPECW,0.0
3073,SPFI,0.08608937
3074,SPGC,-0.6132576
3075,SPH,0.17020668
3076,SPHR,0.09641659
3077,SPIR,0.42276794
3078,SPNS,0.16331953
3079,SPNT,-0.16073966
3080,SPOT,0.5990196
3081,SPPL,-0.028527636
3082,SPR,-0.043282267
3083,SPRB,0.8713066
3084,SPRO,0.0371421
3085,SPRU,-0.19585721
3086,SPRY,1.1560867
3087,SPSC,-0.26911002
3088,SPT,-0.06549219
3089,SPWH,0.040871732
3090,SPWR,0.0
3091,SQ,0.5428114
3092,SQFT,0.0004801311
3093,SQM,0.39020374
3094,SQNS,-0.19770554
3095,SQSP,0.10602052
3096,SRAD,0.16844256
3097,SRBK,-0.028036093
3098,SRCL,-0.034884468
3099,SRDX,-0.12546737
3100,SREA,0.0
3101,SRG,-0.18089586
3102,SRI,-0.96179897
3103,SRM,-0.46209446
3104,SRRK,6.5122523
3105,SRTS,0.5013963
3106,SSBI,-0.14235353
3107,SSBK,0.07944375
3108,SSIC,-0.20599411
3109,SSKN,-0.13868612
3110,SSNC,-0.06609499
3111,SSSS,0.66465515
3112,SST,-0.56529987
3113,SSTI,-0.44597524
3114,SSTK,-0.38450322
3115,SSY,0.7927221
3116,SSYS,0.61251837
3117,ST,-0.0083278185
3118,STAG,-0.15433376
3119,STBX,0.5018242
3120,STEC,2.1233344
3121,STEM,0.7282475
3122,STEP,0.48992914
3123,STER,0.30400163
3124,STI,1.4641553
3125,STIM,0.9143787
3126,STK,0.21209577
3127,STKH,0.024077225
3128,STLA,-0.48127398
3129,STLD,0.5450343
3130,STNE,-0.0034393636
3131,STNG,-0.39743713
3132,STOK,-0.61580956
3133,STR,0.2159514
3134,STRA,-0.17976253
3135,STRO,-0.49799588
3136,STRR,-0.34123486
3137,STSS,-1.2350777
3138,STSSW,0.0
3139,STTK,-2.0183632
3140,STWD,0.22018632
3141,STX,0.17545415
3142,SUGP,0.060861945
3143,SUI,-0.14257717
3144,SUM,0.8321614
3145,SUN,0.021343375
3146,SUPN,0.015420037
3147,SUZ,0.14870678
3148,SVCO,-1.7313958
3149,SVII,0.047948286
3150,SVIIU,0.0
3151,SVIIW,0.0
3152,SVRE,-0.5214295
3153,SVT,-0.122615576
3154,SVV,0.1409419
3155,SWAG,-0.16317329
3156,SWI,0.060986236
3157,SWIM,0.39781418
3158,SWIN,0.49425432
3159,SWTX,-0.7932344
3160,SXC,0.15148927
3161,SXTC,0.04377578
3162,SXTP,-1.1311338
3163,SXTPW,0.0
3164,SY,0.5487709
3165,SYBX,-0.06736851
3166,SYF,0.47520366
3167,SYM,1.6599114
3168,SYNA,-0.07493458
3169,SYRA,-1.389263
3170,SYRE,0.8078878
3171,SYRS,1.4161602
3172,SYT,-0.024046334
3173,SYTA,6.5122523
3174,SYTAW,0.0
3175,TACT,-0.016896404
3176,TAIT,-0.03728434
3177,TAK,-0.23680608
3178,TALK,1.837942
3179,TALKW,0.0
3180,TALO,-0.13119936
3181,TANH,0.86547107
3182,TARA,0.71090615
3183,TARS,0.95070267
3184,TASK,-0.06429421
3185,TBB,-0.009434151
3186,TBBK,-0.13478677
3187,TBC,0.0
3188,TBIO,-1.8683641
3189,TBLD,-0.010367097
3190,TBLT,0.40701577
3191,TBMC,0.056967452
3192,TBNK,0.37865868
3193,TBRG,0.14536269
3194,TC,-0.8621543
3195,TCBC,0.15505356
3196,TCBI,0.44395134
3197,TCBP,-2.5187163
3198,TCBPW,0.0
3199,TCBS,0.09942376
3200,TCBX,0.75836843
3201,TCJH,6.5122523
3202,TCMD,0.33986318
3203,TCOM,0.96038616
3204,TCPC,-0.25734454
3205,TCRX,-0.3359737
3206,TCS,-0.09088262
3207,TCTM,-0.2200356
3208,TDG,0.033459302
3209,TDOC,0.4941573
3210,TDUP,-0.31843334
3211,TDW,-0.5775508
3212,TEAM,0.5491503
3213,TECTP,0.03453954
3214,TECX,3.6143706
3215,TEF,-0.018016206
3216,TEI,-0.04560866
3217,TELA,0.22211911
3218,TELO,-0.28220338
3219,TEM,-0.4822471
3220,TENB,0.20980427
3221,TENK,0.0
3222,TENKR,0.0
3223,TENKU,0.0
3224,TERN,0.19910759
3225,TETE,-0.18818063
3226,TETEU,0.0
3227,TETEW,0.0
3228,TFFP,1.6504571
3229,TFIN,0.39142856
3230,TFPM,0.6273707
3231,TFSL,-0.07687502
3232,TGAA,0.0
3233,TGAAU,0.0
3234,TGAAW,0.0
3235,TGI,0.4936475
3236,TGL,6.5122523
3237,TGLS,0.589466
3238,TH,-0.7768423
3239,THAR,-1.0888864
3240,THCP,0.0341446
3241,THCPW,0.0
3242,THQ,0.04213517
3243,THR,-0.014347999
3244,THRD,0.31204557
3245,THW,-0.06492973
3246,TIGR,3.0622308
3247,TIL,4.054835
3248,TIMB,-0.33313486
3249,TIRX,0.8117579
3250,TITN,0.14862618
3251,TIVC,-0.17775252
3252,TKLF,-0.23469266
3253,TKNO,1.5606701
3254,TKO,0.30558085
3255,TLGY,0.019802418
3256,TLGYW,0.0
3257,TLIS,-1.999767
3258,TLPH,-0.018543178
3259,TLRY,0.472561
3260,TLS,0.38909686
3261,TLSA,0.67624176
3262,TLSI,-0.60563946
3263,TLSIW,0.0
3264,TLYS,-0.26449782
3265,TMCI,-0.30380467
3266,TMDX,-0.34241936
3267,TME,0.5288521
3268,TMHC,0.22181231
3269,TMP,0.21792124
3270,TMTC,0.1112705
3271,TMTCR,0.0
3272,TNDM,-0.8190252
3273,TNET,-0.42532134
3274,TNGX,-1.4830475
3275,TNK,-0.1780678
3276,TNON,0.4383531
3277,TNYA,-0.5049817
3278,TOI,0.426527
3279,TOIIW,0.0
3280,TOP,-0.0178866
3281,TOST,0.7597225
3282,TOUR,1.5841923
3283,TPB,0.5060145
3284,TPC,0.9382246
3285,TPG,1.1165727
3286,TPH,-0.0077004298
3287,TPIC,-0.13529614
3288,TPVG,-0.35647845
3289,TPX,-0.117086366
3290,TPZ,0.13597399
3291,TRAW,2.0711539
3292,TRC,-0.14288229
3293,TRDA,0.51066715
3294,TRGP,0.42623642
3295,TRIB,0.29433897
3296,TRIN,-0.032978833
3297,TRMB,0.40588844
3298,TRML,2.5885353
3299,TRNO,-0.3232857
3300,TRNR,1.4577076
3301,TRON,0.0
3302,TRONU,0.0
3303,TRONW,0.0
3304,TROW,0.30867404
3305,TRS,0.3633806
3306,TRSG,-0.19343211
3307,TRT,0.648928
3308,TRTX,-0.10175392
3309,TRU,0.40478045
3310,TRUE,0.81675434
3311,TRUG,-1.1263331
3312,TRVG,-0.48482335
3313,TRVI,0.29837513
3314,TRVN,-1.6321437
3315,TSBX,-0.42216223
3316,TSCO,0.23923656
3317,TSE,0.94392765
3318,TSEM,0.4553737
3319,TSHA,-0.07980715
3320,TSLA,0.9233808
3321,TSM,0.96799254
3322,TSQ,0.021418309
3323,TTD,0.6009137
3324,TTEC,0.68781096
3325,TTEK,0.21276669
3326,TTGT,0.6787419
3327,TTMI,0.4629923
3328,TTOO,-1.8937596
3329,TTP,0.22485837
3330,TTWO,0.10769877
3331,TURB,0.82281834
3332,TUSK,0.62437457
3333,TUYA,-0.022476858
3334,TV,0.47165096
3335,TVGN,6.5122523
3336,TVGNW,0.0
3337,TW,0.5758783
3338,TWFG,0.08658167
3339,TWG,-0.96040225
3340,TWKS,0.0724646
3341,TWLO,0.693258
3342,TWN,0.52863324
3343,TWOU,0.0
3344,TWST,0.42010248
3345,TXG,-0.9705455
3346,TXRH,0.51454896
3347,TYG,0.44899583
3348,TYGO,0.2856252
3349,TYRA,0.2119092
3350,U,0.60823333
3351,UA,0.25994143
3352,UAN,0.19997872
3353,UBER,0.4434333
3354,UBS,0.4049739
3355,UBX,-0.13302909
3356,UBXG,-1.7758535
3357,UCAR,0.29645833
3358,UCL,-0.29425892
3359,UCTT,0.26195332
3360,UDMY,0.10038885
3361,UE,0.17430443
3362,UEIC,-0.3104512
3363,UFPI,0.49376276
3364,UFPT,-0.45313427
3365,UHAL,-0.05281612
3366,UHG,-0.10883062
3367,UHGWW,0.0
3368,UK,2.6448493
3369,UKOMW,0.0
3370,ULBI,-0.14463831
3371,ULCC,2.8643463
3372,ULH,-0.11295275
3373,ULTA,0.050579466
3374,UMH,0.1243254
3375,UNCY,0.560006
3376,UNFI,1.0600439
3377,UNMA,0.0012987978
3378,UP,0.8862832
3379,UPC,-2.866861
3380,UPLD,-0.14294298
3381,UPS,0.07649299
3382,UPST,1.531515
3383,UPWK,1.0025791
3384,UPXI,4.7950687
3385,URBN,0.0019913637
3386,URGN,-0.27072945
3387,URI,0.64095694
3388,USA,0.23649582
3389,USAC,0.035781585
3390,USAP,0.8495618
3391,USAS,3.2455387
3392,USCB,0.09076291
3393,USFD,0.23263769
3394,USGO,3.3586292
3395,USGOW,0.0
3396,USM,0.3104681
3397,USPH,-0.13263479
3398,UTF,0.008980648
3399,UTG,0.27419838
3400,UTHR,0.050864194
3401,UTI,0.1666115
3402,UTL,0.0062629003
3403,UTSI,0.80429614
3404,UTZ,-0.20097403
3405,UUU,0.4747618
3406,UXIN,6.030219
3407,UZD,0.0
3408,UZE,0.0
3409,UZF,0.0
3410,VAL,-0.26187897
3411,VALN,-0.036375564
3412,VALU,0.41985086
3413,VANI,0.33462712
3414,VBTX,0.48305643
3415,VCIG,0.91607803
3416,VCNX,-0.27205732
3417,VCTR,0.5013339
3418,VCYT,0.50830644
3419,VECO,-0.2500479
3420,VEEE,1.2593601
3421,VEEV,0.021869672
3422,VEL,-0.006762668
3423,VERA,0.34953204
3424,VERI,0.6875939
3425,VERO,-0.37495792
3426,VERV,0.21823896
3427,VERX,0.6123883
3428,VFL,-0.07336789
3429,VGAS,6.5122523
3430,VGASW,0.0
3431,VGI,0.016403513
3432,VGZ,0.41383204
3433,VICI,-0.13041772
3434,VIGL,0.19009335
3435,VINC,-1.5231738
3436,VINP,-0.00095582794
3437,VIOT,-0.21965566
3438,VIPS,0.44099045
3439,VIR,-0.044903513
3440,VIRI,-3.1255474
3441,VIRT,0.1396826
3442,VIRX,0.31515774
3443,VISL,0.12675813
3444,VIST,0.22549142
3445,VITL,0.8118704
3446,VIV,-0.1874244
3447,VKI,-0.111487046
3448,VKTX,1.4647894
3449,VLCN,-1.1944035
3450,VLD,-0.2790967
3451,VLT,0.03178116
3452,VLTO,0.011555678
3453,VMAR,3.849349
3454,VMCA,0.0017043449
3455,VMCAW,0.0
3456,VNDA,-0.19385786
3457,VNET,1.0452527
3458,VNOM,0.66890085
3459,VNRX,-0.011897353
3460,VNT,0.14805119
3461,VOC,0.4846645
3462,VOR,-0.6341142
3463,VOYA,0.48532245
3464,VRA,-0.17477725
3465,VRAR,-0.3197675
3466,VRAX,-1.1410357
3467,VRCA,-0.6647533
3468,VRDN,3.1181748
3469,VRM,0.7965632
3470,VRNA,0.9823552
3471,VRNS,0.3829828
3472,VRNT,-0.5341948
3473,VRPX,-0.81444913
3474,VRRM,0.022430288
3475,VRSK,-0.06462289
3476,VRSN,0.0006616851
3477,VRT,1.8342875
3478,VRTX,0.0674881
3479,VSAC,0.022445822
3480,VSAT,-1.2944351
3481,VSCO,0.6744561
3482,VSME,3.7132385
3483,VSTA,0.1690812
3484,VSTM,1.0582411
3485,VSTO,0.49855152
3486,VTEX,-0.0726219
3487,VTLE,-0.07911012
3488,VTS,0.051776547
3489,VTVT,0.23648101
3490,VTYX,0.044878803
3491,VVOS,1.3134809
3492,VVR,-0.33708128
3493,VVV,0.1884859
3494,VVX,1.0124861
3495,VXX,0.0
3496,VXZ,0.0
3497,VYGR,0.32933098
3498,VYNE,1.3195882
3499,VZIO,-0.03480737
3500,VZLA,1.1200247
3501,W,0.2175667
3502,WAFU,0.2239091
3503,WAL,0.14146279
3504,WALD,0.008385247
3505,WAT,0.01623737
3506,WATT,-0.83673596
3507,WAVE,4.8340654
3508,WAVS,0.5407399
3509,WAY,0.07512074
3510,WB,1.1072444
3511,WBTN,-0.26487786
3512,WBUY,0.6523118
3513,WCC,0.568361
3514,WD,0.25092825
3515,WDFC,0.062732846
3516,WDH,0.08982137
3517,WDI,-0.021098232
3518,WDS,0.06837931
3519,WEA,-0.026358826
3520,WEAV,0.9815569
3521,WENA,0.7387067
3522,WENAW,0.0
3523,WERN,0.16130382
3524,WES,0.057775576
3525,WGS,2.339731
3526,WGSWW,0.0
3527,WH,0.5570628
3528,WHD,0.1925105
3529,WHLR,-0.95183057
3530,WIA,0.039515723
3531,WIMI,0.6328336
3532,WING,0.04791244
3533,WINV,0.025372436
3534,WINVR,0.0
3535,WINVW,0.0
3536,WISA,-0.3095135
3537,WIW,0.049035527
3538,WIX,0.20577185
3539,WK,0.25170803
3540,WKME,-2.7044292e-05
3541,WLDN,0.6899563
3542,WLDS,-1.1975261
3543,WLDSW,0.0
3544,WLFC,2.9938114
3545,WLGS,6.5122523
3546,WLK,-0.026732352
3547,WLKP,0.04825101
3548,WMG,0.5376213
3549,WMPN,0.17426266
3550,WMS,0.23221536
3551,WNC,-0.08725377
3552,WNS,-0.54716957
3553,WNW,0.56056213
3554,WOOF,1.9515034
3555,WORX,1.0312463
3556,WOW,-0.10656408
3557,WPRT,-0.70392656
3558,WRBY,1.066179
3559,WRLD,0.012473601
3560,WRN,0.058496
3561,WRNT,0.0
3562,WS,0.5497577
3563,WSBF,0.0034116434
3564,WSC,0.26659456
3565,WSR,0.24664447
3566,WT,0.4294568
3567,WTI,0.21339066
3568,WTMA,-0.005914923
3569,WTO,-2.0498865
3570,WTS,0.16336374
3571,WTTR,0.17531542
3572,WTW,0.008389276
3573,WVE,6.5122523
3574,WYNN,0.9027344
3575,XBIT,0.32461393
3576,XBP,-0.35465223
3577,XBPEW,0.0
3578,XELA,-0.016362289
3579,XENE,0.27592838
3580,XERS,0.89511037
3581,XFIN,-0.7811613
3582,XFLT,-0.01887599
3583,XFOR,-0.72739714
3584,XGN,-0.4666423
3585,XHG,-0.023896385
3586,XHR,0.22978188
3587,XIN,1.4936694
3588,XLO,0.54822767
3589,XMTR,0.42091343
3590,XNCR,1.5595876
3591,XNET,1.0293561
3592,XOMA,0.2661715
3593,XOS,-0.13182697
3594,XOSWW,0.0
3595,XP,-0.15348528
3596,XPER,0.5821336
3597,XPEV,1.5228113
3598,XPOF,0.15408655
3599,XPON,-1.2018936
3600,XPRO,-0.56242764
3601,XRAY,-0.28546837
3602,XTIA,-1.4064525
3603,XTKG,-0.92970073
3604,XYF,1.4398761
3605,XYL,0.122782014
3606,YALA,0.031844717
3607,YCBD,-0.05656378
3608,YELP,-0.021149676
3609,YETI,-0.14050834
3610,YEXT,0.3298005
3611,YGMZ,1.1052911
3612,YI,0.46771613
3613,YJ,-0.0006513003
3614,YMAB,0.20909964
3615,YMM,0.8436566
3616,YOSH,0.1227998
3617,YOTA,-0.017458946
3618,YOTAW,0.0
3619,YOU,0.5399197
3620,YPF,-0.20509961
3621,YQ,0.29047674
3622,YRD,0.9322546
3623,YUMC,0.96002513
3624,YY,-0.07228275
3625,YYGH,1.037662
3626,ZBAO,-0.5453935
3627,ZBRA,0.46011576
3628,ZCAR,-1.6619291
3629,ZCARW,0.0
3630,ZCMD,5.0101056
3631,ZENV,-0.41911164
3632,ZEO,-1.0780168
3633,ZEOWW,0.0
3634,ZEPP,0.19430792
3635,ZETA,0.46991882
3636,ZEUS,-0.068816036
3637,ZG,0.37630227
3638,ZI,0.3204979
3639,ZIP,0.0038345256
3640,ZKIN,0.9541488
3641,ZLAB,1.9287493
3642,ZLS,0.0
3643,ZLSWU,0.0
3644,ZLSWW,0.0
3645,ZM,0.25834394
3646,ZNTL,0.0779224
3647,ZOM,-0.13595255
3648,ZS,0.61934495
3649,ZTO,0.44837475
3650,ZTR,-0.038115144
3651,ZTS,-0.030827628
3652,ZUMZ,-0.7682311
3653,ZUO,0.54921234
3654,ZVIA,0.35115066
3655,ZVSA,-0.31662658
3656,ZWS,0.6860771
